id,persona_id,order_number,total_usd,status,fraud_score,shipping_zip,created_at
1,joaquin.coulter@acme.com,ORD-0A8076EC,406.43,completed,0.1143,78758,2026-04-12T06:47:19
2,kestrel.echevarria@acme.com,ORD-A56895C6,631.87,completed,0.1415,55403,2026-03-23T14:49:55
3,kendall.andersen@acme.com,ORD-A5B5CDC2,966.45,completed,0.0189,75201,2026-04-15T21:53:23
4,quinn.drennan@acme.com,ORD-8F158449,1224.94,completed,0.0657,30309,2026-03-09T10:30:57
5,zion.kasprzak@acme.com,ORD-86CAC6F4,800.01,completed,0.1753,19103,2026-04-30T18:38:01
6,elio.selwyn@acme.com,ORD-B836C448,607.35,pending,0.1221,55403,2026-04-20T18:44:02
7,isla.coulter@acme.com,ORD-70CAFDD8,389.91,completed,0.1556,37203,2026-03-23T06:55:47
8,briar.northcote@acme.com,ORD-EF2DDCC4,1126.61,completed,0.1032,60606,2026-04-15T19:45:19
9,winslow.ugarte@acme.com,ORD-6A36AF18,800.47,completed,0.0748,75201,2026-05-05T13:50:44
10,orla.underhill@acme.com,ORD-B49E04CC,349.65,completed,0.0011,98101,2026-05-11T15:43:04
11,jules.radcliffe@acme.com,ORD-9F708368,149.18,completed,0.1673,97204,2026-03-16T13:29:51
12,tim.lewis@acme.com,ORD-5A5226E6,1060.68,completed,0.8671,37203,2026-04-08T11:43:57
13,orla.larkspur@acme.com,ORD-FB25664D,731.65,completed,0.0032,98101,2026-04-10T00:33:08
14,harlow.fontaine@acme.com,ORD-B20507BB,1299.73,completed,0.1623,98101,2026-03-04T23:29:39
15,cameron.linwood@acme.com,ORD-C7E53BBB,392.78,completed,0.0664,60606,2026-02-24T21:23:50
16,yelena.marchetti@acme.com,ORD-7F5DB163,834.48,completed,0.1039,98101,2026-03-03T21:46:40
17,marlowe.andersen@acme.com,ORD-59FEFBBC,962.09,completed,0.1740,20001,2026-03-14T19:17:32
18,harlow.fontaine@acme.com,ORD-5DC7B3E6,788.33,completed,0.1134,19103,2026-04-28T14:27:48
19,sasha.belisario@acme.com,ORD-2FA0D842,961.12,completed,0.1827,60606,2026-04-18T02:00:59
20,sloan.asher@acme.com,ORD-8ACBBE09,65.07,completed,0.1703,02116,2026-02-25T10:33:13
21,orla.sinclaire@acme.com,ORD-238D6F44,47.68,completed,0.0053,63101,2026-03-18T22:29:50
22,fenton.adair@acme.com,ORD-B807D78A,2081.30,completed,0.1538,27601,2026-05-06T08:08:55
23,zion.kasprzak@acme.com,ORD-DE431E06,972.22,completed,0.1036,90064,2026-04-27T12:19:17
24,gentry.northcote@acme.com,ORD-27794685,1370.57,completed,0.1441,19103,2026-04-10T17:17:22
25,maeve.mansour@acme.com,ORD-67F5AE02,159.73,completed,0.1377,02116,2026-03-31T19:38:42
26,rory.pemberton@acme.com,ORD-DC5BE7D1,505.78,pending,0.0262,20001,2026-03-24T12:00:34
27,yelena.hartwell@acme.com,ORD-500E15C0,534.15,completed,0.0997,37203,2026-03-29T04:14:31
28,zelda.talbot@acme.com,ORD-0CF0374C,850.05,completed,0.1765,97204,2026-04-15T18:09:29
29,onyx.inohara@acme.com,ORD-49E1CD13,329.24,completed,0.0901,63101,2026-04-16T08:12:13
30,dakota.harkness@acme.com,ORD-80051B10,78.73,completed,0.0274,11201,2026-02-24T10:37:26
31,gentry.stamatakis@acme.com,ORD-23C8AFDB,749.24,completed,0.0637,75201,2026-03-14T15:27:00
32,wesley.brennan@acme.com,ORD-956D80E4,623.36,completed,0.1451,10036,2026-03-16T13:06:00
33,talia.maddox@acme.com,ORD-D756BA9C,1158.92,completed,0.1361,94103,2026-03-18T21:48:53
34,gisli.valencia@acme.com,ORD-A987B218,439.72,completed,0.0628,02116,2026-03-29T20:54:23
35,theron.carmichael@acme.com,ORD-8EDEC44D,466.53,completed,0.1946,90064,2026-02-27T15:02:02
36,devon.oduya@acme.com,ORD-257F7595,956.29,completed,0.1911,98101,2026-04-09T20:54:53
37,gisli.northcote@acme.com,ORD-3E11BAFE,2321.58,completed,0.1062,80202,2026-05-08T09:41:13
38,briony.ugarte@acme.com,ORD-F6C31218,592.24,completed,0.1292,98101,2026-03-11T04:02:02
39,kestrel.echevarria@acme.com,ORD-C9B7C9BC,1406.79,completed,0.1498,90064,2026-02-17T09:02:26
40,linden.fairbanks@acme.com,ORD-2FAABE0B,1001.13,completed,0.1582,27601,2026-03-09T00:31:54
41,wesley.brennan@acme.com,ORD-7A3A6E96,545.81,completed,0.0014,75201,2026-04-20T15:11:45
42,teagan.maddox@acme.com,ORD-AAF407F7,665.69,completed,0.0319,37203,2026-02-12T21:00:26
43,cyrus.hartwell@acme.com,ORD-5FA5E0AA,566.38,completed,0.1826,63101,2026-02-24T15:12:59
44,asher.galbraith@acme.com,ORD-1CB9B73A,534.64,completed,0.1806,78758,2026-03-18T21:30:31
45,aria.eilers@acme.com,ORD-82A7F586,566.68,completed,0.0907,37203,2026-04-03T03:59:27
46,theron.dvorak@acme.com,ORD-940C3503,774.98,completed,0.0689,98101,2026-03-21T22:59:52
47,briar.xian@acme.com,ORD-6B9CD71C,1654.91,cancelled,0.0765,75201,2026-04-07T00:40:57
48,dakota.castellano@acme.com,ORD-D2C7BFFB,734.66,completed,0.0692,33131,2026-04-25T04:48:32
49,maxen.maddox@acme.com,ORD-8A2DB2E6,967.36,completed,0.1552,30309,2026-03-25T13:50:16
50,finley.demir@acme.com,ORD-ADC29178,555.60,completed,0.0094,20001,2026-03-12T00:57:54
51,eulalie.demir@acme.com,ORD-B523C0DE,1148.09,completed,0.1829,63101,2026-04-03T10:23:31
52,hollis.xanthos@acme.com,ORD-12A1FE7D,491.75,completed,0.1175,63101,2026-04-22T10:18:54
53,zion.cromwell@acme.com,ORD-345AF934,258.84,completed,0.1104,90064,2026-04-06T12:59:38
54,yelena.jorgensen@acme.com,ORD-D6F89F7A,532.65,completed,0.0741,85004,2026-05-09T01:28:32
55,yelena.jorgensen@acme.com,ORD-AF521B94,1914.14,completed,0.1643,97204,2026-03-29T18:11:27
56,kendall.niklasson@acme.com,ORD-6992896E,616.49,completed,0.0463,30309,2026-05-12T14:41:56
57,yelena.jorgensen@acme.com,ORD-2DE46E91,898.06,completed,0.1049,80202,2026-04-24T20:45:58
58,maeve.mansour@acme.com,ORD-B27E1442,202.42,completed,0.1656,98101,2026-03-11T00:41:08
59,talia.maddox@acme.com,ORD-C8CCE2C2,1157.82,completed,0.1716,60606,2026-02-15T14:59:08
60,cameron.jankowski@acme.com,ORD-A879D8F8,1089.54,completed,0.1701,10036,2026-04-23T09:17:12
61,isla.coulter@acme.com,ORD-8A624CBD,1228.68,completed,0.1479,98101,2026-03-25T21:04:06
62,orla.larkspur@acme.com,ORD-735741E5,332.03,completed,0.1106,75201,2026-04-01T13:43:17
63,quinn.drennan@acme.com,ORD-9E5D9C7A,990.39,completed,0.1426,98101,2026-04-17T11:34:48
64,finley.demir@acme.com,ORD-832F52C4,296.20,completed,0.0179,63101,2026-05-04T11:08:41
65,wesley.zorin@acme.com,ORD-255BFC1C,661.39,completed,0.0552,90064,2026-03-27T11:39:34
66,briony.marchetti@acme.com,ORD-545CD88D,473.90,completed,0.1631,19103,2026-04-30T06:48:26
67,orla.sinclaire@acme.com,ORD-506E50C7,610.12,pending,0.1937,90064,2026-03-03T03:37:08
68,orla.sinclaire@acme.com,ORD-BA2AA7BA,797.70,completed,0.0419,90064,2026-02-21T18:58:23
69,renley.tonkin@acme.com,ORD-7FD255EE,1188.79,completed,0.0484,30309,2026-03-05T01:22:43
70,niko.ingersoll@acme.com,ORD-F7EAE66E,943.57,completed,0.1625,19103,2026-03-12T12:55:56
71,aria.idris@acme.com,ORD-1B1F2EB1,234.22,completed,0.0444,37203,2026-03-20T07:46:52
72,isla.coulter@acme.com,ORD-2697384D,645.45,cancelled,0.0966,90064,2026-04-03T02:42:26
73,renley.norrington@acme.com,ORD-8567C805,539.38,completed,0.0195,55403,2026-04-12T12:53:14
74,fable.echevarria@acme.com,ORD-76492E64,694.50,completed,0.1260,02116,2026-03-12T07:34:34
75,fenton.cromwell@acme.com,ORD-2FDC9992,2034.31,completed,0.0915,33131,2026-03-09T09:09:09
76,maeve.easton@acme.com,ORD-502CF0EE,212.03,completed,0.0234,20001,2026-03-07T04:10:33
77,ines.pendragon@acme.com,ORD-623AD0FC,1589.10,completed,0.1271,02116,2026-03-20T14:57:36
78,ines.renwick@acme.com,ORD-7EB6581E,392.70,completed,0.0831,55403,2026-03-27T01:14:52
79,reese.hartwell@acme.com,ORD-C4134DC2,1203.12,completed,0.0226,60606,2026-04-17T11:46:25
80,theron.carmichael@acme.com,ORD-0840405A,122.29,completed,0.1724,98101,2026-03-31T20:53:35
81,ellis.finch@acme.com,ORD-A1FD4187,1130.39,completed,0.0278,78758,2026-02-23T12:20:17
82,tate.demir@acme.com,ORD-D0AFB235,1788.35,completed,0.1500,85004,2026-02-13T07:06:50
83,kendall.niklasson@acme.com,ORD-AD1DB537,376.15,completed,0.1155,33131,2026-03-13T13:05:25
84,ulrich.oduya@acme.com,ORD-E097DEDB,1247.32,completed,0.0976,27601,2026-05-13T06:14:15
85,fionn.hartwell@acme.com,ORD-44BED486,764.64,completed,0.0676,27601,2026-04-30T19:41:37
86,soren.daichi@acme.com,ORD-D6321D31,654.69,completed,0.0316,55403,2026-05-13T10:25:30
87,davian.tashiro@acme.com,ORD-E0688849,206.37,completed,0.0721,98101,2026-04-07T09:32:29
88,niall.coulter@acme.com,ORD-36A2C52B,349.32,completed,0.1187,37203,2026-03-08T11:31:32
89,soren.holcombe@acme.com,ORD-21D63B0F,747.80,completed,0.0766,60606,2026-05-03T11:31:23
90,niko.calloway@acme.com,ORD-9033DA65,627.96,completed,0.0328,20001,2026-03-04T08:36:41
91,ottilie.olander@acme.com,ORD-159152F2,854.64,completed,0.1200,19103,2026-04-15T20:05:12
92,teagan.maddox@acme.com,ORD-62C965B2,1401.87,completed,0.1276,98101,2026-03-23T05:00:12
93,vesper.verstappen@acme.com,ORD-91816091,885.86,completed,0.1366,97204,2026-02-27T16:54:53
94,jules.radcliffe@acme.com,ORD-271610C1,467.65,completed,0.0158,78758,2026-02-24T01:05:01
95,nico.gagnon@acme.com,ORD-9BDC70D1,608.01,completed,0.1483,02116,2026-05-01T21:40:40
96,soren.harrowby@acme.com,ORD-6DE8370A,931.25,completed,0.0526,27601,2026-03-13T13:44:34
97,elio.wynter@acme.com,ORD-1D8680CB,1109.21,completed,0.0005,10036,2026-04-19T18:09:14
98,briar.northcote@acme.com,ORD-E6E59B32,1295.50,completed,0.1609,94103,2026-04-04T13:46:39
99,renley.norrington@acme.com,ORD-3E19FC1D,1390.12,completed,0.1944,78758,2026-03-03T09:14:13
100,hesper.marlowe@acme.com,ORD-3CF88D20,461.03,completed,0.0120,30309,2026-03-05T09:43:47
101,elio.wynter@acme.com,ORD-850EF0AD,516.70,completed,0.0745,98101,2026-03-18T02:42:23
102,soren.reinhart@acme.com,ORD-BC4015FA,792.25,completed,0.0544,98101,2026-04-23T19:38:44
103,ines.renwick@acme.com,ORD-3527A5C8,1081.48,completed,0.0530,60606,2026-05-04T17:18:15
104,jules.marchetti@acme.com,ORD-3FF6579E,1051.85,completed,0.0280,10036,2026-05-07T12:18:02
105,soren.harrowby@acme.com,ORD-20F87BA2,970.33,completed,0.1659,11201,2026-05-01T14:29:24
106,alaric.echevarria@acme.com,ORD-9DF2372E,1039.56,completed,0.0998,63101,2026-03-27T23:46:38
107,aria.idris@acme.com,ORD-FD498E20,138.87,completed,0.0718,63101,2026-02-26T15:07:28
108,cassian.wolfe@acme.com,ORD-98DC9E0B,1226.61,completed,0.0562,97204,2026-03-23T02:20:01
109,everett.idris@acme.com,ORD-F2A32EFD,1928.55,completed,0.1965,75201,2026-04-09T01:14:44
110,saskia.ugarte@acme.com,ORD-86C5547C,92.84,completed,0.1836,78758,2026-02-24T04:50:46
111,soren.reinhart@acme.com,ORD-DE4379CB,1304.88,completed,0.0295,30309,2026-02-27T07:35:43
112,renley.castellano@acme.com,ORD-C9784B52,1561.08,completed,0.1178,02116,2026-04-06T18:18:05
113,devon.halloran@acme.com,ORD-9C8379AE,937.62,completed,0.0208,97204,2026-04-29T20:16:38
114,marlowe.pemberton@acme.com,ORD-55F3AD50,1227.39,completed,0.0419,98101,2026-04-09T11:19:11
115,cleo.easton@acme.com,ORD-8BC83A02,647.11,completed,0.0959,27601,2026-03-11T07:07:52
116,cleo.easton@acme.com,ORD-BB635FF5,438.44,completed,0.1796,98101,2026-04-10T16:31:06
117,sloan.finch@acme.com,ORD-54C29D5C,812.80,pending,0.0819,63101,2026-03-04T09:31:46
118,kendall.andersen@acme.com,ORD-331DE35C,763.22,completed,0.0342,90064,2026-05-05T13:04:31
119,zelda.coulter@acme.com,ORD-6334FA2A,1553.60,completed,0.0763,02116,2026-03-31T05:16:06
120,finley.demir@acme.com,ORD-D73E7BB9,1024.24,completed,0.0837,63101,2026-03-07T19:00:57
121,soren.reinhart@acme.com,ORD-9ECA381B,1526.16,completed,0.1514,02116,2026-04-27T06:28:41
122,karsen.kerr@acme.com,ORD-C81C8D31,1001.46,completed,0.0299,27601,2026-03-17T10:00:52
123,briony.ugarte@acme.com,ORD-E0BDA1EE,751.62,completed,0.1310,27601,2026-03-15T09:00:56
124,fable.echevarria@acme.com,ORD-3CD1FF3F,1523.20,completed,0.1842,20001,2026-05-11T12:51:15
125,fionn.underhill@acme.com,ORD-BE64AC2A,847.36,completed,0.0642,85004,2026-03-15T18:17:48
126,soren.holcombe@acme.com,ORD-28B26B1B,695.21,completed,0.1014,30309,2026-02-26T17:15:54
127,lennox.adair@acme.com,ORD-EB04159C,246.95,completed,0.0548,55403,2026-03-25T10:58:13
128,sloan.asher@acme.com,ORD-8D2434F9,1837.00,completed,0.1675,33131,2026-03-01T18:47:39
129,phoenix.auterive@acme.com,ORD-02472360,660.51,completed,0.1202,10036,2026-04-21T18:34:41
130,quinn.eskildsen@acme.com,ORD-9FA4A627,1537.35,completed,0.0015,20001,2026-03-19T23:42:37
131,soren.reinhart@acme.com,ORD-999BC859,727.80,completed,0.1362,10036,2026-03-10T20:48:22
132,cameron.jankowski@acme.com,ORD-8EE9581A,1460.14,completed,0.0942,33131,2026-03-04T02:11:34
133,briar.northcote@acme.com,ORD-95E7F614,489.16,completed,0.0236,94103,2026-02-18T09:09:26
134,fionn.underhill@acme.com,ORD-DAAF7529,431.89,completed,0.0401,85004,2026-03-19T05:11:37
135,dianthe.brennan@acme.com,ORD-14B00F62,1173.96,completed,0.1973,11201,2026-03-12T21:30:37
136,joaquin.coulter@acme.com,ORD-30C9A2BE,292.47,completed,0.1253,80202,2026-04-21T12:45:46
137,marlowe.pemberton@acme.com,ORD-567C5D44,919.02,completed,0.1991,11201,2026-02-14T23:37:25
138,alaric.demir@acme.com,ORD-3A799EFA,537.16,completed,0.0262,10036,2026-03-17T05:54:58
139,quinn.easton@acme.com,ORD-D60BF603,1028.82,completed,0.0232,55403,2026-04-06T13:56:41
140,liora.kettering@acme.com,ORD-E60C1638,1431.04,completed,0.1235,90064,2026-05-02T10:19:54
141,onyx.rivers@acme.com,ORD-EEE13CAE,42.15,completed,0.8679,60606,2026-02-21T09:46:05
142,ines.ostroski@acme.com,ORD-E79F9F3D,774.14,completed,0.0914,90064,2026-04-17T20:32:39
143,isla.coulter@acme.com,ORD-1DABB10A,723.00,completed,0.1781,10036,2026-02-19T18:41:57
144,eulalie.demir@acme.com,ORD-CCC62FED,2191.23,completed,0.1594,60606,2026-04-30T15:13:33
145,briony.ugarte@acme.com,ORD-E44A913A,1790.21,completed,0.0976,85004,2026-03-31T17:07:23
146,yelena.hartwell@acme.com,ORD-BA05DD0F,1569.24,completed,0.1327,75201,2026-04-29T01:36:37
147,maeve.mansour@acme.com,ORD-F85B6D0A,531.18,completed,0.0445,75201,2026-04-04T08:17:48
148,alaric.demir@acme.com,ORD-8C91BD13,1121.25,completed,0.1584,19103,2026-03-12T14:25:43
149,sloan.finch@acme.com,ORD-74577D47,746.95,completed,0.1240,97204,2026-03-04T22:03:57
150,ines.renwick@acme.com,ORD-85A0D089,745.08,completed,0.0092,02116,2026-03-26T16:34:24
151,renley.tonkin@acme.com,ORD-3227E8D8,690.08,completed,0.1704,78758,2026-03-30T03:00:21
152,jericho.galanos@acme.com,ORD-EF705D01,421.43,completed,0.0966,37203,2026-02-26T15:56:54
153,hollis.xanthos@acme.com,ORD-E1A2CFE7,514.81,completed,0.1218,80202,2026-04-16T22:28:32
154,dakota.harkness@acme.com,ORD-37A3C30A,1710.63,completed,0.1429,20001,2026-02-13T01:28:04
155,onyx.inohara@acme.com,ORD-B5CAA993,212.67,completed,0.1788,63101,2026-04-15T17:44:23
156,gisli.valencia@acme.com,ORD-C8CBA592,717.51,completed,0.1082,20001,2026-02-23T11:10:54
157,teagan.maddox@acme.com,ORD-AA1C4023,2061.83,completed,0.0775,11201,2026-03-20T21:27:24
158,theron.pendragon@acme.com,ORD-AEC2BB19,673.06,completed,0.0348,37203,2026-05-01T21:53:08
159,zion.cromwell@acme.com,ORD-0A398BF7,1143.40,completed,0.1194,19103,2026-02-20T15:20:30
160,renley.norrington@acme.com,ORD-28CC812A,168.88,completed,0.0807,20001,2026-04-22T00:34:17
161,theron.pendragon@acme.com,ORD-A6388854,1028.58,completed,0.0692,80202,2026-02-14T16:22:14
162,una.jardine@acme.com,ORD-F1EAB64A,256.82,completed,0.1080,90064,2026-05-11T02:25:54
163,everett.paulsen@acme.com,ORD-A6CA8D50,1784.56,completed,0.0165,60606,2026-04-27T05:56:31
164,noor.habibi@acme.com,ORD-12C0620C,241.67,completed,0.0141,80202,2026-02-14T01:14:51
165,maeve.easton@acme.com,ORD-88EAE7D4,538.86,completed,0.1237,27601,2026-05-09T01:56:17
166,ines.finch@acme.com,ORD-61A451FF,427.50,completed,0.0062,02116,2026-03-22T16:55:49
167,isla.coulter@acme.com,ORD-F3102525,1037.76,completed,0.1110,60606,2026-05-09T10:39:42
168,soren.reinhart@acme.com,ORD-DA2D2156,668.02,completed,0.1865,63101,2026-03-29T17:10:28
169,briony.xian@acme.com,ORD-31891F48,959.08,completed,0.0657,90064,2026-03-07T04:07:32
170,talia.maddox@acme.com,ORD-502ED818,550.40,completed,0.1424,85004,2026-04-16T15:17:22
171,quinn.eskildsen@acme.com,ORD-8D3A5D76,2029.53,completed,0.1213,33131,2026-02-19T03:03:08
172,devon.oduya@acme.com,ORD-C6735380,253.06,completed,0.0447,27601,2026-03-03T07:27:28
173,teagan.whittington@acme.com,ORD-AF2537F5,244.33,completed,0.0281,02116,2026-04-26T02:33:42
174,asher.galbraith@acme.com,ORD-7CD61DA4,626.82,completed,0.0739,94103,2026-03-09T14:04:58
175,soren.daichi@acme.com,ORD-52F6531F,519.68,completed,0.1659,33131,2026-03-18T07:41:28
176,everett.calloway@acme.com,ORD-8430F0FA,135.39,completed,0.1735,97204,2026-02-25T12:58:28
177,tate.demir@acme.com,ORD-47E321C2,1173.58,completed,0.0315,19103,2026-03-04T20:33:49
178,maeve.mansour@acme.com,ORD-97A418B8,461.61,completed,0.1025,27601,2026-04-29T05:46:47
179,tate.demir@acme.com,ORD-A33B3DFD,835.04,completed,0.1456,90064,2026-05-05T04:11:30
180,talia.maddox@acme.com,ORD-AF82E70C,1432.62,completed,0.1193,98101,2026-04-21T04:29:43
181,onyx.rivers@acme.com,ORD-1E158E2F,730.37,completed,0.8509,10036,2026-02-15T09:54:40
182,everett.valencia@acme.com,ORD-157511AD,586.40,completed,0.1087,33131,2026-04-25T03:32:57
183,greer.mansour@acme.com,ORD-CDE5C35A,517.43,completed,0.0213,85004,2026-03-11T05:43:05
184,renley.norrington@acme.com,ORD-7B8301CF,864.77,completed,0.1110,33131,2026-04-13T17:26:48
185,theron.dvorak@acme.com,ORD-296B67BF,482.46,completed,0.0801,11201,2026-02-24T17:52:32
186,priya.singh@acme.com,ORD-25343E85,626.52,completed,0.0128,80202,2026-04-07T11:53:30
187,wren.veracruz@acme.com,ORD-98F3F640,1079.03,completed,0.1640,97204,2026-03-31T21:07:16
188,aria.eilers@acme.com,ORD-848AC924,791.73,completed,0.0137,98101,2026-03-21T03:21:23
189,winslow.ugarte@acme.com,ORD-932D1648,1820.29,completed,0.0814,60606,2026-03-20T06:17:46
190,ines.renwick@acme.com,ORD-0700749A,479.15,completed,0.0135,80202,2026-03-08T18:40:43
191,maeve.easton@acme.com,ORD-D231F372,374.35,completed,0.1863,97204,2026-04-13T00:37:25
192,winslow.ugarte@acme.com,ORD-30AED12D,1272.46,completed,0.0470,80202,2026-02-17T18:21:46
193,phaedra.pemberton@acme.com,ORD-4654E77D,400.64,completed,0.1529,37203,2026-04-16T06:55:54
194,marlowe.quartermain@acme.com,ORD-8A6FC4B3,785.49,completed,0.0787,02116,2026-03-30T02:39:22
195,wesley.zorin@acme.com,ORD-57D52B78,1530.81,completed,0.0848,85004,2026-03-06T11:13:17
196,finley.demir@acme.com,ORD-DB370CA7,252.30,completed,0.1600,30309,2026-03-28T13:51:38
197,remi.marlowe@acme.com,ORD-B876A455,407.84,completed,0.0600,63101,2026-02-19T03:32:44
198,marlowe.quartermain@acme.com,ORD-A13EA66D,1172.30,completed,0.0669,20001,2026-04-08T12:25:30
199,orla.sinclaire@acme.com,ORD-C7C2564A,878.74,completed,0.1346,97204,2026-02-27T06:42:54
200,winslow.ugarte@acme.com,ORD-E835F080,304.67,completed,0.0687,11201,2026-04-12T17:37:13
201,hesper.jorgensen@acme.com,ORD-E33FC52C,1245.79,completed,0.1878,27601,2026-03-23T22:07:55
202,jules.romero@acme.com,ORD-154FF37D,565.74,completed,0.0311,75201,2026-04-13T11:06:51
203,indira.patel@acme.com,ORD-A9DE5B26,552.56,completed,0.0952,63101,2026-04-17T01:13:43
204,fenton.adair@acme.com,ORD-58E0058F,490.69,completed,0.1609,55403,2026-04-13T14:36:55
205,merritt.carmichael@acme.com,ORD-5808D790,398.86,completed,0.0017,97204,2026-03-01T03:37:16
206,briony.ugarte@acme.com,ORD-6FE633F1,817.94,completed,0.1430,75201,2026-02-22T01:37:32
207,devon.halloran@acme.com,ORD-69B41194,278.11,completed,0.0365,90064,2026-05-02T18:51:04
208,dakota.castellano@acme.com,ORD-1A2E9864,249.32,completed,0.1430,10036,2026-04-20T21:30:44
209,vesper.ingersoll@acme.com,ORD-CCA99089,2390.11,cancelled,0.0927,94103,2026-04-11T10:27:54
210,joaquin.coulter@acme.com,ORD-F997C779,1658.50,completed,0.1989,78758,2026-03-29T18:10:39
211,orla.sinclaire@acme.com,ORD-E3347BAC,303.84,completed,0.0436,60606,2026-04-20T14:09:36
212,quill.sandoval@acme.com,ORD-98A15E4F,1321.06,completed,0.7394,98101,2026-03-07T21:38:00
213,zelda.calloway@acme.com,ORD-CA9D8831,87.26,completed,0.0465,63101,2026-02-25T22:31:04
214,elio.wynter@acme.com,ORD-B271115B,498.26,completed,0.0373,20001,2026-04-12T01:46:09
215,theron.pendragon@acme.com,ORD-5DFB1922,738.18,completed,0.1276,75201,2026-03-03T06:27:13
216,everett.valencia@acme.com,ORD-487B25D7,700.02,completed,0.0644,60606,2026-03-23T16:51:16
217,jules.radcliffe@acme.com,ORD-971DF5FD,1700.16,completed,0.0441,98101,2026-05-12T05:30:26
218,wesley.fairbanks@acme.com,ORD-9DEF57B4,257.99,completed,0.1469,90064,2026-05-05T22:23:51
219,jericho.galanos@acme.com,ORD-AA4D52A8,856.54,completed,0.0334,02116,2026-03-21T02:29:16
220,remi.marlowe@acme.com,ORD-D8485A54,361.99,completed,0.1266,11201,2026-03-15T10:17:39
221,aria.kerr@acme.com,ORD-E3EC4F6A,749.04,completed,0.1969,78758,2026-02-19T10:01:37
222,paxton.qureshi@acme.com,ORD-43D643ED,1133.48,completed,0.0500,33131,2026-02-23T18:03:37
223,marlowe.pemberton@acme.com,ORD-93875413,928.19,completed,0.0112,11201,2026-04-09T17:15:50
224,paxton.qureshi@acme.com,ORD-FF5376A4,319.84,pending,0.1506,27601,2026-03-25T11:53:44
225,marlowe.quartermain@acme.com,ORD-BECCF760,103.06,completed,0.0525,75201,2026-03-25T18:40:03
226,hesper.jorgensen@acme.com,ORD-9242BA54,894.28,completed,0.1994,37203,2026-04-19T14:12:21
227,winslow.quigley@acme.com,ORD-521BE8C2,1267.01,completed,0.0048,90064,2026-04-27T01:36:24
228,lior.stein@acme.com,ORD-1C7CB6ED,872.62,completed,0.7523,63101,2026-04-22T22:17:42
229,ulrich.oduya@acme.com,ORD-AB132032,923.05,completed,0.1812,37203,2026-05-09T06:40:47
230,eulalie.demir@acme.com,ORD-A8FC5690,909.69,completed,0.0038,75201,2026-04-21T01:20:18
231,lennox.adair@acme.com,ORD-05804493,670.14,completed,0.1059,11201,2026-03-26T22:22:26
232,yelena.jorgensen@acme.com,ORD-CFD835FC,563.25,completed,0.1757,10036,2026-03-20T14:53:52
233,davian.tashiro@acme.com,ORD-AFBFFDE4,1129.06,completed,0.1146,85004,2026-04-13T04:05:44
234,harlow.inohara@acme.com,ORD-B82D40DE,906.15,completed,0.1679,30309,2026-03-03T21:46:55
235,theron.dvorak@acme.com,ORD-BD03D33B,1338.48,completed,0.0376,30309,2026-04-25T13:30:35
236,kennedy.sayers@acme.com,ORD-69BD40D8,1409.46,completed,0.1516,98101,2026-04-26T07:22:41
237,everett.idris@acme.com,ORD-501A0CCF,228.55,completed,0.1485,19103,2026-03-22T10:39:30
238,orla.underhill@acme.com,ORD-FEEF21F8,539.75,completed,0.0791,94103,2026-03-20T08:27:46
239,ellis.dvorak@acme.com,ORD-4931B2D4,722.06,completed,0.0589,94103,2026-03-07T12:17:36
240,ulrich.oduya@acme.com,ORD-22A37556,619.48,completed,0.0902,02116,2026-03-30T10:50:51
241,linden.fairbanks@acme.com,ORD-5CE9DBBC,655.85,completed,0.0768,37203,2026-03-15T01:46:04
242,everett.valencia@acme.com,ORD-723DFACD,382.12,completed,0.0235,30309,2026-04-23T19:19:17
243,devon.halloran@acme.com,ORD-7E53D702,275.93,completed,0.1319,55403,2026-04-03T16:16:41
244,yelena.hartwell@acme.com,ORD-D343BF88,811.96,completed,0.0297,20001,2026-05-09T22:26:02
245,maeve.easton@acme.com,ORD-94372280,494.04,completed,0.0186,90064,2026-04-12T03:46:15
246,ulrich.oduya@acme.com,ORD-46404B2A,1136.76,completed,0.1049,78758,2026-03-15T01:48:42
247,harlow.kerr@acme.com,ORD-9F8CEDA5,257.74,completed,0.1229,97204,2026-03-24T00:59:52
248,beatrix.quail@acme.com,ORD-D91B1A04,104.59,completed,0.0828,11201,2026-04-09T13:15:23
249,aria.kerr@acme.com,ORD-CA4A40BC,1297.62,completed,0.1013,11201,2026-02-28T00:41:05
250,joaquin.linwood@acme.com,ORD-A090360D,750.49,completed,0.1074,11201,2026-03-29T14:22:00
251,soren.reinhart@acme.com,ORD-5A853CD8,1213.88,pending,0.0561,10036,2026-04-10T13:43:04
252,soren.marlowe@acme.com,ORD-F362D408,857.63,completed,0.0605,60606,2026-04-07T04:00:52
253,soren.harrowby@acme.com,ORD-2771A422,1225.29,completed,0.0967,37203,2026-04-13T08:48:43
254,jordan.reyes@acme.com,ORD-EEADA90C,764.71,completed,0.0174,55403,2026-02-16T04:02:49
255,jules.radcliffe@acme.com,ORD-35B8726C,1164.89,completed,0.0573,63101,2026-04-12T12:19:38
256,una.jardine@acme.com,ORD-3EACDB28,19.35,completed,0.1227,11201,2026-03-22T00:21:51
257,soren.harrowby@acme.com,ORD-0CEAAF73,496.74,completed,0.0172,75201,2026-04-26T02:56:22
258,dakota.castellano@acme.com,ORD-21BD55EB,323.99,completed,0.1839,55403,2026-05-04T01:21:39
259,everett.valencia@acme.com,ORD-7875B1C7,890.02,completed,0.0287,19103,2026-04-18T10:41:37
260,soren.fairbanks@acme.com,ORD-8208FD42,391.80,completed,0.1429,60606,2026-04-11T20:40:07
261,maeve.mansour@acme.com,ORD-7B7CE7CC,779.35,completed,0.0416,27601,2026-04-01T15:21:05
262,devon.drennan@acme.com,ORD-71F9B0E2,324.27,completed,0.0812,19103,2026-05-02T22:36:24
263,gisli.valencia@acme.com,ORD-CF51A203,740.55,completed,0.1322,55403,2026-03-22T22:05:04
264,isla.coulter@acme.com,ORD-EFCA07AE,756.34,completed,0.1830,98101,2026-03-17T22:08:52
265,jules.marchetti@acme.com,ORD-9714FADC,398.60,completed,0.0812,85004,2026-03-21T13:46:53
266,quinn.ardent@acme.com,ORD-FD7EE75C,672.96,completed,0.0832,55403,2026-02-15T17:48:07
267,eric.marsh@acme.com,ORD-BB1D23A8,238.64,completed,0.1853,27601,2026-04-07T20:53:53
268,gentry.stamatakis@acme.com,ORD-16A46B83,880.14,completed,0.1483,98101,2026-03-08T01:59:32
269,zelda.talbot@acme.com,ORD-4B6C14E4,569.09,completed,0.1390,19103,2026-03-01T17:42:46
270,theron.pendragon@acme.com,ORD-06FD01E6,1329.31,completed,0.0254,98101,2026-02-19T19:59:20
271,joaquin.linwood@acme.com,ORD-DCACFA54,800.81,completed,0.0169,30309,2026-03-16T16:16:55
272,vesper.ingersoll@acme.com,ORD-A46B3932,595.03,completed,0.0232,02116,2026-03-29T10:46:01
273,sasha.dvorak@acme.com,ORD-DECA8598,267.99,completed,0.1854,55403,2026-04-06T09:51:58
274,zelda.talbot@acme.com,ORD-D82010D1,53.65,completed,0.1304,33131,2026-04-10T23:28:10
275,rory.castellano@acme.com,ORD-6422A73E,376.40,completed,0.1498,27601,2026-02-27T16:36:41
276,winslow.quigley@acme.com,ORD-B9AA06F5,2377.36,completed,0.0068,19103,2026-05-04T13:45:41
277,cassidy.fontaine@acme.com,ORD-F79828A2,283.62,completed,0.1391,33131,2026-04-14T21:36:20
278,greer.wynter@acme.com,ORD-52CA9CED,167.41,completed,0.0148,94103,2026-04-06T08:00:50
279,vivien.jorgensen@acme.com,ORD-C4CA00D7,1048.37,completed,0.1287,55403,2026-03-05T00:59:48
280,zelda.coulter@acme.com,ORD-B336D143,481.56,completed,0.1149,37203,2026-03-05T19:09:34
281,cyrus.hartwell@acme.com,ORD-4D862412,762.84,completed,0.1994,98101,2026-04-08T00:39:38
282,ellis.kerr@acme.com,ORD-33FFB402,1077.50,completed,0.1935,78758,2026-04-14T11:34:54
283,maxen.maddox@acme.com,ORD-3080BED6,522.04,completed,0.0051,27601,2026-04-20T08:17:22
284,alaric.kettering@acme.com,ORD-B8943DF8,654.84,completed,0.0423,37203,2026-03-29T23:55:11
285,soren.daichi@acme.com,ORD-216AEBCF,115.26,completed,0.7768,60606,2026-03-30T05:00:47
286,vivien.jorgensen@acme.com,ORD-387770F0,870.30,completed,0.0852,75201,2026-04-12T00:28:41
287,ines.pendragon@acme.com,ORD-CB08B605,1047.89,completed,0.1186,11201,2026-05-07T08:40:57
288,orla.larkspur@acme.com,ORD-28628B4E,810.62,completed,0.0161,10036,2026-04-26T01:56:16
289,jules.radcliffe@acme.com,ORD-85E9054F,549.20,completed,0.1876,19103,2026-03-07T08:17:02
290,yelena.marchetti@acme.com,ORD-9E719A56,876.59,completed,0.1974,37203,2026-04-22T05:02:59
291,sasha.dvorak@acme.com,ORD-2D238ED1,512.37,completed,0.0086,20001,2026-04-15T19:45:06
292,sloan.asher@acme.com,ORD-946B4482,729.94,completed,0.1494,11201,2026-04-21T03:54:50
293,sloan.finch@acme.com,ORD-6F94DA50,508.79,completed,0.1219,02116,2026-04-05T21:27:18
294,cassidy.fontaine@acme.com,ORD-47D5AC92,1179.72,completed,0.0931,85004,2026-04-26T21:04:20
295,everett.paulsen@acme.com,ORD-FEE3DBAA,815.81,completed,0.1674,33131,2026-05-12T02:12:13
296,alaric.echevarria@acme.com,ORD-014CC3A1,267.91,cancelled,0.0080,97204,2026-03-03T06:52:35
297,marlowe.quartermain@acme.com,ORD-D24025EA,2032.24,completed,0.0481,63101,2026-03-01T09:11:59
298,bryony.galanos@acme.com,ORD-A226A75B,454.88,completed,0.0141,11201,2026-03-22T22:51:58
299,harlow.jardine@acme.com,ORD-ACB60E81,524.70,completed,0.0222,20001,2026-03-29T07:38:58
300,quincey.underhill@acme.com,ORD-A6276167,591.67,completed,0.1505,78758,2026-03-01T08:58:43
301,gisli.valencia@acme.com,ORD-5860C4F4,629.80,completed,0.1053,60606,2026-03-28T20:26:20
302,quinn.drennan@acme.com,ORD-2DC69C90,250.68,pending,0.0154,02116,2026-04-16T17:00:25
303,davian.tashiro@acme.com,ORD-A0952C4D,36.16,completed,0.1939,63101,2026-04-30T16:21:15
304,davian.tashiro@acme.com,ORD-A50939F1,567.12,completed,0.0686,11201,2026-03-27T07:11:32
305,merritt.carmichael@acme.com,ORD-25F98046,1547.52,completed,0.1912,19103,2026-02-12T18:37:02
306,briar.northcote@acme.com,ORD-B506C24D,1062.21,completed,0.1956,30309,2026-04-07T07:02:43
307,devon.oduya@acme.com,ORD-81E58EEE,778.06,completed,0.0591,90064,2026-03-01T06:40:34
308,niko.niklasson@acme.com,ORD-722B4439,656.22,completed,0.0110,78758,2026-03-17T20:30:23
309,sloan.asher@acme.com,ORD-830481C2,1013.90,completed,0.0636,19103,2026-03-24T19:59:19
310,sloan.asher@acme.com,ORD-E5D136E2,635.35,completed,0.0828,27601,2026-03-16T10:42:32
311,dakota.dvorak@acme.com,ORD-16A48BFA,416.98,completed,0.1829,85004,2026-04-26T12:28:12
312,ellis.kerr@acme.com,ORD-7D9704FE,315.65,completed,0.0604,27601,2026-04-13T23:49:42
313,fionn.underhill@acme.com,ORD-A2F5A68B,1023.23,completed,0.1332,90064,2026-04-02T23:57:16
314,ulrich.oduya@acme.com,ORD-1E9D095B,1254.65,completed,0.1151,33131,2026-04-27T16:32:19
315,dianthe.brennan@acme.com,ORD-C0AC430A,440.55,completed,0.1745,90064,2026-04-17T03:27:18
316,briar.northcote@acme.com,ORD-7C2257A0,416.63,completed,0.1822,60606,2026-04-22T08:18:42
317,aria.idris@acme.com,ORD-CD75E6DE,941.97,completed,0.1832,60606,2026-02-22T23:57:13
318,theron.dvorak@acme.com,ORD-1E5C5DA8,1128.45,completed,0.1388,80202,2026-04-13T15:38:25
319,nico.gagnon@acme.com,ORD-32440F07,335.46,completed,0.1320,27601,2026-05-07T17:54:08
320,dakota.dvorak@acme.com,ORD-C8497436,1214.41,completed,0.0411,78758,2026-04-25T13:25:38
321,willow.pemberton@acme.com,ORD-117E894E,1463.04,completed,0.1526,37203,2026-04-22T10:21:29
322,eulalie.demir@acme.com,ORD-7986F498,644.79,completed,0.0370,60606,2026-04-25T22:35:33
323,tate.demir@acme.com,ORD-685707AC,280.78,completed,0.0629,55403,2026-05-02T18:56:41
324,parker.bowen@acme.com,ORD-53FF5F1F,246.06,completed,0.1201,90064,2026-03-07T19:03:56
325,niko.niklasson@acme.com,ORD-ADDB8943,1557.70,completed,0.1997,97204,2026-03-09T05:54:15
326,alaric.demir@acme.com,ORD-7FC5AE23,1167.94,completed,0.1532,27601,2026-04-16T23:55:39
327,theron.carmichael@acme.com,ORD-7F4D55B9,1228.30,completed,0.0269,60606,2026-03-02T20:48:19
328,galen.qureshi@acme.com,ORD-774D34F5,734.98,completed,0.0996,37203,2026-04-18T02:16:33
329,soren.marlowe@acme.com,ORD-DA55F825,71.57,completed,0.0072,02116,2026-03-20T10:52:23
330,rory.pemberton@acme.com,ORD-ACCE693E,82.37,completed,0.1371,27601,2026-03-28T21:14:38
331,sloan.finch@acme.com,ORD-436D977B,931.08,completed,0.0756,20001,2026-02-28T01:59:38
332,zelda.talbot@acme.com,ORD-59ECC846,163.88,completed,0.0495,90064,2026-03-16T23:18:05
333,quincey.underhill@acme.com,ORD-0991946D,657.55,completed,0.0845,37203,2026-02-14T23:33:47
334,niall.coulter@acme.com,ORD-7D05121C,1013.28,completed,0.0412,97204,2026-03-25T16:27:52
335,ellis.kerr@acme.com,ORD-0C2B03E4,471.65,cancelled,0.0804,80202,2026-03-13T20:38:28
336,soren.reinhart@acme.com,ORD-8A3A0129,536.57,completed,0.0805,19103,2026-03-24T11:06:10
337,rory.andersen@acme.com,ORD-7FCBCF31,1705.30,completed,0.1648,55403,2026-04-17T11:39:51
338,onyx.calloway@acme.com,ORD-E94053AF,193.15,completed,0.1692,33131,2026-02-22T12:36:54
339,cameron.linwood@acme.com,ORD-D3C544A3,111.54,completed,0.1120,85004,2026-04-02T12:37:27
340,eulalie.demir@acme.com,ORD-0518BD4D,856.37,completed,0.0168,19103,2026-04-14T13:39:30
341,hollis.pemberton@acme.com,ORD-D7BE7B4F,49.67,completed,0.1142,37203,2026-05-01T18:52:57
342,kendall.andersen@acme.com,ORD-503BA8C3,222.58,completed,0.1474,80202,2026-04-02T10:38:38
343,gisli.northcote@acme.com,ORD-F2DEB798,1927.08,completed,0.0848,80202,2026-04-16T12:50:01
344,jules.radcliffe@acme.com,ORD-B35B9F78,394.58,completed,0.1370,63101,2026-02-18T07:51:12
345,everett.calloway@acme.com,ORD-416AA7F6,1522.09,completed,0.1645,80202,2026-04-14T14:57:16
346,sasha.dvorak@acme.com,ORD-D7567D35,808.47,completed,0.1754,60606,2026-02-22T11:00:25
347,hollis.pemberton@acme.com,ORD-A0D80651,688.90,completed,0.0164,02116,2026-04-19T06:22:54
348,bryony.galanos@acme.com,ORD-51C4243B,303.12,completed,0.1470,33131,2026-04-26T15:45:53
349,cleo.easton@acme.com,ORD-92051DA0,620.33,completed,0.0046,63101,2026-03-11T16:07:56
350,kendall.andersen@acme.com,ORD-263553BA,719.60,pending,0.0340,27601,2026-05-02T02:33:13
351,niko.sanderling@acme.com,ORD-340155BD,780.05,completed,0.1627,33131,2026-04-15T13:00:00
352,ellis.kerr@acme.com,ORD-43054A31,237.10,completed,0.1815,20001,2026-03-17T21:44:15
353,niko.ingersoll@acme.com,ORD-98E1D54C,2311.65,completed,0.1114,94103,2026-04-11T04:22:27
354,parker.bowen@acme.com,ORD-2DEB5687,427.63,completed,0.0678,55403,2026-04-30T16:36:19
355,wesley.brennan@acme.com,ORD-6E1A1E1B,709.99,completed,0.0526,33131,2026-03-24T07:21:59
356,orla.larkspur@acme.com,ORD-70A32883,1096.04,completed,0.0109,02116,2026-05-10T00:26:06
357,niko.ingersoll@acme.com,ORD-95EEF45C,251.56,completed,0.1943,37203,2026-02-28T01:06:56
358,teagan.whittington@acme.com,ORD-5422EA97,520.98,completed,0.1963,60606,2026-04-05T05:31:05
359,orla.underhill@acme.com,ORD-A8D791B6,1251.86,completed,0.1910,19103,2026-03-10T14:44:04
360,oakley.echevarria@acme.com,ORD-C78CD2C3,1243.37,completed,0.1505,30309,2026-05-01T18:58:38
361,dakota.harkness@acme.com,ORD-7D57EF69,219.88,completed,0.0953,27601,2026-03-16T05:06:17
362,greer.wynter@acme.com,ORD-86514886,2094.59,completed,0.0875,97204,2026-04-14T08:01:59
363,renley.tonkin@acme.com,ORD-D0154898,1360.87,completed,0.1171,37203,2026-05-11T22:05:29
364,maxen.pendragon@acme.com,ORD-2FEBCC33,716.90,completed,0.1494,19103,2026-04-18T07:44:46
365,yelena.hartwell@acme.com,ORD-ACD380EF,823.87,completed,0.0175,30309,2026-05-12T03:40:01
366,alaric.echevarria@acme.com,ORD-6C0046F0,2001.33,completed,0.1805,55403,2026-03-27T09:45:33
367,dakota.harkness@acme.com,ORD-DE1D4653,422.96,completed,0.0121,10036,2026-04-02T12:39:30
368,sasha.dvorak@acme.com,ORD-58C58875,565.92,completed,0.0042,90064,2026-03-03T23:48:37
369,karsen.kerr@acme.com,ORD-77ED78D9,614.60,completed,0.1446,75201,2026-04-03T00:38:36
370,orla.sinclaire@acme.com,ORD-9B125DFB,28.29,completed,0.0832,97204,2026-04-14T00:26:24
371,sasha.mercer@acme.com,ORD-E1831003,947.80,completed,0.9070,37203,2026-05-10T09:30:17
372,finley.demir@acme.com,ORD-E57513A5,945.19,completed,0.1747,19103,2026-03-09T11:59:06
373,dakota.dvorak@acme.com,ORD-F9834D4B,436.08,completed,0.1219,60606,2026-02-22T12:50:57
374,teagan.calloway@acme.com,ORD-818270D2,113.20,completed,0.0199,20001,2026-04-11T00:18:29
375,kestrel.echevarria@acme.com,ORD-7942000A,451.30,completed,0.0343,33131,2026-04-07T08:09:38
376,greer.wynter@acme.com,ORD-EB035CDA,448.16,completed,0.1904,37203,2026-02-25T08:25:51
377,everett.valencia@acme.com,ORD-11D012A7,814.47,completed,0.0803,02116,2026-04-01T08:32:18
378,jericho.galanos@acme.com,ORD-EBA2A67C,1056.05,completed,0.0892,78758,2026-02-16T07:47:22
379,ines.ostroski@acme.com,ORD-48AF7F10,1111.76,completed,0.1104,37203,2026-04-10T10:05:27
380,wesley.fairbanks@acme.com,ORD-5F7B8B00,779.92,completed,0.0709,94103,2026-03-01T01:05:16
381,devon.halloran@acme.com,ORD-9875E4DA,844.02,completed,0.0569,27601,2026-03-09T05:06:57
382,renley.tonkin@acme.com,ORD-179D9AE3,2103.52,completed,0.0260,78758,2026-03-31T04:21:45
383,oakley.echevarria@acme.com,ORD-817B2F21,374.52,completed,0.0915,37203,2026-02-18T16:25:53
384,gentry.northcote@acme.com,ORD-F3AA972B,271.25,completed,0.0817,60606,2026-04-07T14:48:09
385,theron.pendragon@acme.com,ORD-249316B4,699.43,completed,0.0844,90064,2026-02-16T04:20:48
386,soren.fairbanks@acme.com,ORD-90D5E87E,922.09,completed,0.1563,97204,2026-02-21T11:34:03
387,soren.reinhart@acme.com,ORD-68DD66FD,2000.09,completed,0.0791,63101,2026-05-09T01:13:57
388,fenton.cromwell@acme.com,ORD-04C72B2A,623.38,completed,0.1064,10036,2026-04-16T19:17:28
389,una.jardine@acme.com,ORD-96C1B183,245.68,completed,0.1868,11201,2026-04-01T01:40:33
390,quinn.eskildsen@acme.com,ORD-2B501AD7,1119.87,completed,0.0651,10036,2026-03-05T05:53:21
391,sloan.finch@acme.com,ORD-3C8AAE87,533.67,completed,0.1009,60606,2026-04-17T08:30:53
392,quinn.drennan@acme.com,ORD-F7C90C89,1162.25,completed,0.1971,80202,2026-03-22T07:27:05
393,wesley.fairbanks@acme.com,ORD-EBFBC97A,1299.40,completed,0.0502,75201,2026-04-09T09:08:13
394,remi.marlowe@acme.com,ORD-E0D6E969,822.75,completed,0.1010,11201,2026-02-16T16:17:25
395,una.jardine@acme.com,ORD-35EB728F,1743.94,pending,0.0657,30309,2026-03-11T17:40:41
396,soren.holcombe@acme.com,ORD-1F982A0D,573.53,pending,0.0753,19103,2026-04-08T17:52:46
397,cameron.linwood@acme.com,ORD-0265A223,1500.68,completed,0.1517,20001,2026-04-24T21:44:44
398,jules.radcliffe@acme.com,ORD-80155756,1267.19,completed,0.0388,27601,2026-03-09T05:43:03
399,ottilie.olander@acme.com,ORD-9D4D0658,329.76,completed,0.1766,10036,2026-04-02T00:45:05
400,merritt.carmichael@acme.com,ORD-682904CA,232.30,completed,0.1037,97204,2026-04-08T09:42:35
401,ottilie.olander@acme.com,ORD-72E89652,849.27,completed,0.0389,98101,2026-02-17T01:13:20
402,devon.drennan@acme.com,ORD-A0135044,428.38,completed,0.0864,10036,2026-03-16T23:18:12
403,sloan.finch@acme.com,ORD-CB4ADDC6,516.32,completed,0.1551,19103,2026-03-31T22:09:09
404,soren.reinhart@acme.com,ORD-0E06A416,150.98,completed,0.0864,60606,2026-03-08T17:09:38
405,joaquin.coulter@acme.com,ORD-C080ABA4,623.04,completed,0.1199,19103,2026-05-12T11:17:06
406,alaric.kettering@acme.com,ORD-C86E0B55,736.09,completed,0.0656,78758,2026-05-03T00:19:36
407,briony.marchetti@acme.com,ORD-2F98AD33,443.18,completed,0.0088,30309,2026-04-13T05:45:49
408,maxen.wynter@acme.com,ORD-25BC99AE,357.75,completed,0.0686,20001,2026-05-12T17:10:05
409,orla.sinclaire@acme.com,ORD-E893786D,782.69,completed,0.0683,97204,2026-03-07T01:02:30
410,oakley.echevarria@acme.com,ORD-0ACD1AC7,110.50,completed,0.0007,80202,2026-03-07T04:40:45
411,joaquin.linwood@acme.com,ORD-D08D13DF,262.55,completed,0.0752,75201,2026-04-25T14:40:46
412,orla.sinclaire@acme.com,ORD-2C94DF5A,46.42,completed,0.1438,11201,2026-02-20T05:06:08
413,isla.coulter@acme.com,ORD-1C687714,406.41,completed,0.0610,80202,2026-04-07T14:40:30
414,briar.northcote@acme.com,ORD-997C0DC9,301.24,pending,0.0489,94103,2026-02-28T09:53:22
415,alaric.echevarria@acme.com,ORD-3F46A43A,45.30,completed,0.0560,30309,2026-02-19T19:51:19
416,sasha.dvorak@acme.com,ORD-109B851A,630.52,completed,0.1503,37203,2026-04-07T03:53:49
417,jules.radcliffe@acme.com,ORD-A6552E7F,884.44,completed,0.1790,55403,2026-02-18T16:40:20
418,briony.xian@acme.com,ORD-0A8857A5,744.92,completed,0.0673,55403,2026-03-29T02:31:39
419,asher.galbraith@acme.com,ORD-1519613C,363.13,completed,0.1026,98101,2026-02-26T04:46:57
420,theron.carmichael@acme.com,ORD-D86F4BB4,1118.35,completed,0.1208,30309,2026-02-19T11:42:27
421,reagan.vasquez@acme.com,ORD-F394C60D,559.11,completed,0.8808,78758,2026-03-28T10:28:44
422,finley.demir@acme.com,ORD-5FEC59AC,737.95,completed,0.0257,10036,2026-03-25T23:22:52
423,avery.jardine@acme.com,ORD-DDF01771,537.80,cancelled,0.0408,75201,2026-05-07T07:32:49
424,jules.romero@acme.com,ORD-7D15C353,518.97,completed,0.0139,75201,2026-04-15T22:39:26
425,devyn.albright@acme.com,ORD-E8E977F0,1244.83,completed,0.0258,85004,2026-03-28T01:35:39
426,gisli.northcote@acme.com,ORD-AF516850,608.80,completed,0.0015,30309,2026-03-31T05:22:13
427,theron.carmichael@acme.com,ORD-7DAF76E7,357.27,completed,0.0078,98101,2026-04-15T13:07:01
428,fionn.underhill@acme.com,ORD-2CD51392,191.60,completed,0.1800,85004,2026-03-30T01:11:00
429,cassidy.fontaine@acme.com,ORD-F2189128,779.75,completed,0.1741,33131,2026-02-16T19:29:46
430,kendall.niklasson@acme.com,ORD-5E653990,148.88,completed,0.1009,11201,2026-04-03T16:24:25
431,ulrich.oduya@acme.com,ORD-BFEEB533,643.12,completed,0.1492,78758,2026-04-04T23:40:55
432,sasha.dvorak@acme.com,ORD-294F513F,391.27,completed,0.1214,02116,2026-04-14T22:35:36
433,niko.halloran@acme.com,ORD-3756B005,186.71,completed,0.1673,37203,2026-03-12T06:20:01
434,cleo.easton@acme.com,ORD-3FEC5325,515.61,completed,0.0400,10036,2026-04-02T13:24:29
435,cameron.linwood@acme.com,ORD-AB404598,926.55,completed,0.1765,02116,2026-03-04T04:55:52
436,niko.halloran@acme.com,ORD-5B48961F,884.78,completed,0.0804,11201,2026-05-12T08:04:53
437,dakota.castellano@acme.com,ORD-2BE4BE9C,1952.36,pending,0.1200,75201,2026-03-08T16:22:39
438,briony.xian@acme.com,ORD-FD06875B,570.23,completed,0.1233,60606,2026-04-13T12:19:50
439,fionn.underhill@acme.com,ORD-26D3E222,1001.81,completed,0.0076,19103,2026-03-31T10:02:35
440,everett.idris@acme.com,ORD-57BD0CA8,510.58,completed,0.0108,80202,2026-02-24T16:28:55
441,gisli.valencia@acme.com,ORD-7DDC44F5,710.82,pending,0.0104,30309,2026-04-23T16:07:59
442,quinn.eskildsen@acme.com,ORD-93906193,805.39,pending,0.0403,97204,2026-05-05T17:32:58
443,aria.idris@acme.com,ORD-61A4B230,234.51,completed,0.1518,90064,2026-03-16T17:07:21
444,lennox.adair@acme.com,ORD-9B247A55,204.40,completed,0.0273,97204,2026-04-24T11:56:58
445,alaric.demir@acme.com,ORD-BE006CCB,763.74,completed,0.0616,27601,2026-05-06T14:00:43
446,maxen.wynter@acme.com,ORD-B589717E,1539.26,completed,0.0736,94103,2026-03-11T07:16:42
447,ulrich.oduya@acme.com,ORD-A5349425,780.25,completed,0.0911,30309,2026-04-18T19:27:58
448,remi.andersen@acme.com,ORD-D46A77AF,1337.08,completed,0.0604,63101,2026-03-10T13:36:59
449,fenton.adair@acme.com,ORD-FCADB3FD,160.95,completed,0.0003,98101,2026-02-27T09:02:48
450,everett.paulsen@acme.com,ORD-1C3892E8,199.96,completed,0.0425,78758,2026-05-07T18:33:43
451,wesley.brennan@acme.com,ORD-DF223246,263.22,completed,0.1826,60606,2026-02-18T04:34:12
452,joaquin.linwood@acme.com,ORD-C2B2547D,526.00,completed,0.0532,10036,2026-03-09T21:41:13
453,ines.renwick@acme.com,ORD-7C65A804,974.91,completed,0.1209,11201,2026-04-07T12:00:29
454,zelda.talbot@acme.com,ORD-19A53942,597.76,completed,0.1397,30309,2026-05-11T00:09:37
455,rory.castellano@acme.com,ORD-301C8108,120.61,cancelled,0.1915,11201,2026-05-11T21:14:55
456,joaquin.linwood@acme.com,ORD-CB40FCDD,150.46,completed,0.1878,97204,2026-03-10T13:57:33
457,cameron.linwood@acme.com,ORD-812FDD98,498.54,completed,0.1594,90064,2026-02-21T16:28:28
458,maeve.mansour@acme.com,ORD-B32D3C81,768.64,completed,0.1987,10036,2026-04-27T22:37:30
459,saskia.ugarte@acme.com,ORD-B9B4C225,985.07,completed,0.1384,80202,2026-03-18T13:53:16
460,linden.fairbanks@acme.com,ORD-1672380E,68.07,completed,0.1481,78758,2026-03-02T04:54:54
461,phaedra.pemberton@acme.com,ORD-BCA6A6B0,770.09,completed,0.1180,78758,2026-02-20T06:04:15
462,saskia.ugarte@acme.com,ORD-65333140,808.02,completed,0.0921,30309,2026-02-23T06:14:15
463,cyrus.hartwell@acme.com,ORD-1F9B5662,655.57,cancelled,0.1413,97204,2026-03-13T05:29:02
464,sasha.hadwin@acme.com,ORD-644D852C,340.56,cancelled,0.1319,02116,2026-05-11T09:44:53
465,cyrus.hartwell@acme.com,ORD-C1F98E90,877.59,completed,0.1056,90064,2026-04-16T02:02:39
466,lennox.adair@acme.com,ORD-233731E0,632.49,completed,0.0582,30309,2026-04-23T03:12:33
467,hesper.marlowe@acme.com,ORD-DBC21E42,925.34,completed,0.1965,02116,2026-02-12T14:17:52
468,avery.jardine@acme.com,ORD-A894B11E,675.53,completed,0.1730,75201,2026-04-16T18:42:01
469,soren.fairbanks@acme.com,ORD-BECFDDED,388.30,completed,0.0362,97204,2026-03-11T21:58:52
470,hesper.jorgensen@acme.com,ORD-87B3D329,409.25,completed,0.1674,63101,2026-03-05T04:50:39
471,dianthe.brennan@acme.com,ORD-8E023EF0,702.51,completed,0.0246,30309,2026-03-18T15:57:51
472,tim.lewis@acme.com,ORD-4CF41EDD,633.96,completed,0.1566,63101,2026-03-31T07:15:39
473,maxim.sturm@acme.com,ORD-24444F64,217.05,completed,0.7336,63101,2026-04-22T12:35:26
474,lennox.adair@acme.com,ORD-F1DA833D,651.67,completed,0.1880,30309,2026-03-22T11:15:09
475,briar.xian@acme.com,ORD-29FEBA14,1603.77,completed,0.0633,85004,2026-04-06T17:00:05
476,magnus.korhonen@acme.com,ORD-F8018A19,1061.80,completed,0.9314,02116,2026-03-23T09:13:22
477,elio.wynter@acme.com,ORD-2BB61A4E,426.20,completed,0.0779,20001,2026-02-24T05:41:09
478,rory.castellano@acme.com,ORD-248607C2,212.03,completed,0.0535,20001,2026-03-05T19:24:00
479,lennox.adair@acme.com,ORD-496D036A,202.76,pending,0.1041,80202,2026-04-13T20:51:43
480,teagan.maddox@acme.com,ORD-17F85F5B,487.14,completed,0.0169,90064,2026-03-20T16:42:51
481,ines.pendragon@acme.com,ORD-1FEBC9AF,370.80,completed,0.0380,10036,2026-03-05T03:53:12
482,avery.jardine@acme.com,ORD-9BF41CC6,752.56,completed,0.1929,37203,2026-02-14T17:59:48
483,maxen.pendragon@acme.com,ORD-ADD71599,473.32,completed,0.1702,60606,2026-04-15T08:06:01
484,zion.cromwell@acme.com,ORD-7CFF07E3,691.44,completed,0.1231,11201,2026-04-14T12:47:34
485,eric.marsh@acme.com,ORD-4008D4DA,1154.41,completed,0.0729,02116,2026-03-22T10:02:01
486,quinn.easton@acme.com,ORD-48EF30FF,1578.15,completed,0.0842,11201,2026-02-15T00:31:23
487,onyx.hartwell@acme.com,ORD-209F839F,654.39,completed,0.1561,75201,2026-03-25T18:35:06
488,lior.stein@acme.com,ORD-AF374E8C,148.29,completed,0.0859,19103,2026-03-02T21:39:36
489,joaquin.linwood@acme.com,ORD-C2CA55ED,990.68,completed,0.0305,37203,2026-04-25T08:35:03
490,dianthe.brennan@acme.com,ORD-A26D18F6,1353.47,completed,0.0265,94103,2026-04-16T21:51:23
491,quinn.eskildsen@acme.com,ORD-44ED4FD5,570.58,completed,0.0702,85004,2026-04-19T12:31:17
492,everett.calloway@acme.com,ORD-19CB84C8,1004.58,completed,0.1897,20001,2026-04-11T01:03:59
493,hollis.xanthos@acme.com,ORD-46A47588,456.53,completed,0.0174,60606,2026-04-30T19:56:50
494,rory.castellano@acme.com,ORD-30C041A9,239.73,completed,0.1851,98101,2026-03-21T10:22:43
495,kendall.niklasson@acme.com,ORD-27571245,1148.20,completed,0.0836,33131,2026-02-15T22:27:10
496,maxen.pendragon@acme.com,ORD-4A26EB59,268.57,pending,0.0122,78758,2026-03-02T14:00:31
497,dakota.harkness@acme.com,ORD-1332406F,84.20,completed,0.1019,63101,2026-02-26T19:55:53
498,niko.halloran@acme.com,ORD-B25C5B50,638.21,completed,0.1581,55403,2026-03-25T14:01:11
499,vesper.verstappen@acme.com,ORD-FAE2D4A8,680.61,cancelled,0.0420,60606,2026-05-13T08:44:17
500,willow.pemberton@acme.com,ORD-D0E04655,813.03,completed,0.0439,33131,2026-04-26T08:10:38
501,wesley.brennan@acme.com,ORD-A7610E80,888.02,completed,0.1269,63101,2026-04-23T11:36:53
502,teagan.whittington@acme.com,ORD-2E77ABE3,274.24,completed,0.1725,78758,2026-03-19T04:36:03
503,sage.castellano@acme.com,ORD-9B9A3A55,978.49,completed,0.0144,80202,2026-03-30T07:43:01
504,lior.stein@acme.com,ORD-F7636B4D,242.81,pending,0.8840,11201,2026-02-19T17:01:05
505,onyx.inohara@acme.com,ORD-29C3D598,470.84,completed,0.0309,94103,2026-03-21T17:29:30
506,liora.kettering@acme.com,ORD-396C8F79,440.10,completed,0.0771,20001,2026-03-10T20:53:24
507,joaquin.coulter@acme.com,ORD-1CC6D08A,1071.19,completed,0.0220,60606,2026-04-16T03:19:31
508,sage.castellano@acme.com,ORD-87CD9444,1643.37,completed,0.1359,30309,2026-02-15T18:53:07
509,wesley.brennan@acme.com,ORD-2586DCD1,923.85,completed,0.0893,97204,2026-02-23T09:43:43
510,ines.pendragon@acme.com,ORD-EBEE4C80,891.91,completed,0.1099,63101,2026-03-22T16:13:28
511,mara.chen@acme.com,ORD-04643F52,76.35,completed,0.1842,94103,2026-02-14T00:22:23
512,eulalie.demir@acme.com,ORD-E9B758EE,1018.63,completed,0.1656,94103,2026-03-01T23:22:29
513,harlow.inohara@acme.com,ORD-259A5D6C,786.18,completed,0.0490,10036,2026-03-19T05:42:26
514,ellis.kerr@acme.com,ORD-27E83B87,832.79,completed,0.0064,02116,2026-03-25T15:14:12
515,karsen.kerr@acme.com,ORD-807AB658,978.41,completed,0.0847,02116,2026-04-17T02:35:45
516,joaquin.coulter@acme.com,ORD-6C99CE56,445.26,completed,0.0209,20001,2026-03-15T22:27:55
517,dakota.dvorak@acme.com,ORD-4F227EFA,447.30,completed,0.1277,94103,2026-04-20T03:58:43
518,fenton.adair@acme.com,ORD-FB04C6B1,1599.71,completed,0.1917,37203,2026-04-24T13:53:17
519,niall.drennan@acme.com,ORD-B7ED2C13,435.66,completed,0.1615,30309,2026-02-27T20:30:23
520,theron.pendragon@acme.com,ORD-F0AD16F7,916.20,completed,0.1426,75201,2026-04-20T06:49:55
521,sasha.belisario@acme.com,ORD-FE914B95,967.02,completed,0.0030,90064,2026-03-21T09:04:51
522,harlow.kerr@acme.com,ORD-E06CA678,430.21,completed,0.0281,60606,2026-03-19T06:45:19
523,hollis.pemberton@acme.com,ORD-21051C60,1342.46,completed,0.1690,11201,2026-04-07T05:15:19
524,harlow.inohara@acme.com,ORD-12AEBB0E,1287.38,completed,0.0925,98101,2026-04-09T14:54:57
525,everett.valencia@acme.com,ORD-3310880A,198.52,completed,0.0635,19103,2026-03-27T06:51:02
526,kendall.andersen@acme.com,ORD-615A58BD,1588.93,completed,0.0723,85004,2026-03-28T12:52:33
527,harlow.kerr@acme.com,ORD-D49EDD91,933.71,completed,0.1803,11201,2026-03-01T08:58:22
528,teagan.calloway@acme.com,ORD-92004957,1233.37,completed,0.1122,19103,2026-04-24T05:19:19
529,zion.cromwell@acme.com,ORD-51001AB9,695.39,completed,0.1348,33131,2026-03-23T22:42:02
530,rory.andersen@acme.com,ORD-C63E0E47,185.08,completed,0.0432,78758,2026-04-24T22:34:03
531,quinn.eskildsen@acme.com,ORD-FFC19EF6,464.24,completed,0.0703,63101,2026-04-02T03:41:59
532,briar.northcote@acme.com,ORD-6F959489,1681.08,completed,0.1319,85004,2026-03-12T22:25:23
533,hesper.marlowe@acme.com,ORD-A64DCC1D,910.79,completed,0.0823,97204,2026-03-01T16:30:17
534,joaquin.coulter@acme.com,ORD-1FDB563A,190.45,pending,0.1828,85004,2026-02-14T08:13:18
535,niko.sanderling@acme.com,ORD-489A4CA4,1021.55,completed,0.0529,85004,2026-03-09T03:05:44
536,cyrus.hartwell@acme.com,ORD-F936A968,1485.32,completed,0.1289,94103,2026-02-24T16:45:43
537,harlow.kerr@acme.com,ORD-8D8B3728,355.25,completed,0.0408,98101,2026-05-11T00:15:15
538,karsen.kerr@acme.com,ORD-61E548CA,1002.54,completed,0.0261,55403,2026-03-12T21:35:38
539,cleo.easton@acme.com,ORD-0D3F69ED,916.08,completed,0.0288,10036,2026-03-12T12:27:06
540,fenton.romero@acme.com,ORD-13893A70,851.06,completed,0.0751,11201,2026-03-12T23:43:03
541,yelena.ugarte@acme.com,ORD-DAD4C20F,897.09,completed,0.0686,20001,2026-03-27T12:24:21
542,niko.halloran@acme.com,ORD-53D9A4DD,1054.97,completed,0.1455,30309,2026-04-17T12:28:08
543,dakota.harkness@acme.com,ORD-316C00BC,1245.16,completed,0.1374,33131,2026-04-05T08:38:58
544,briar.northcote@acme.com,ORD-1073C0C3,903.18,completed,0.0068,37203,2026-04-18T22:19:09
545,briar.northcote@acme.com,ORD-C78E4415,676.05,completed,0.0637,10036,2026-03-04T21:43:44
546,niko.halloran@acme.com,ORD-8F9AFD51,974.32,completed,0.1893,98101,2026-03-18T18:36:12
547,kendall.andersen@acme.com,ORD-9756FD33,573.64,completed,0.0043,10036,2026-03-12T00:08:54
548,sasha.dvorak@acme.com,ORD-4D0E391D,28.30,completed,0.0692,98101,2026-03-20T11:22:38
549,fionn.underhill@acme.com,ORD-FBE5403B,413.60,completed,0.1282,60606,2026-02-20T15:29:29
550,ines.pendragon@acme.com,ORD-FE58A970,1915.79,completed,0.1449,80202,2026-04-26T23:25:31
551,tatum.carrera@acme.com,ORD-4DE5F4AF,607.53,completed,0.1583,75201,2026-04-17T07:03:34
552,ines.renwick@acme.com,ORD-87101172,135.59,completed,0.1323,33131,2026-04-12T05:53:32
553,fionn.underhill@acme.com,ORD-15320177,1524.88,completed,0.1746,78758,2026-03-07T00:36:51
554,hesper.marlowe@acme.com,ORD-214BA540,1329.04,completed,0.0771,55403,2026-02-18T05:44:33
555,rory.andersen@acme.com,ORD-07516DAA,262.11,completed,0.0905,33131,2026-05-02T00:16:48
556,joaquin.coulter@acme.com,ORD-ED92B753,279.03,completed,0.0379,02116,2026-03-16T19:45:55
557,theron.carmichael@acme.com,ORD-1C6FEC01,456.82,completed,0.1790,27601,2026-04-17T15:45:36
558,greer.mansour@acme.com,ORD-A30BD3B5,1571.50,completed,0.0576,10036,2026-05-04T08:23:57
559,kestrel.falconer@acme.com,ORD-797F6E4D,1156.07,completed,0.0355,33131,2026-02-16T22:31:17
560,oakley.echevarria@acme.com,ORD-180A7E01,799.42,completed,0.1472,55403,2026-03-26T20:40:31
561,tate.demir@acme.com,ORD-7BFEADD1,3411.34,completed,0.1039,10036,2026-04-29T03:22:02
562,sage.castellano@acme.com,ORD-54C93D44,394.18,completed,0.1891,33131,2026-04-13T11:13:29
563,aria.idris@acme.com,ORD-58D4D949,370.83,completed,0.0017,30309,2026-03-29T05:24:06
564,theron.pendragon@acme.com,ORD-74300CCC,218.01,completed,0.1651,60606,2026-05-08T08:03:03
565,wren.karagiannis@acme.com,ORD-002A0E3D,1743.00,completed,0.0700,90064,2026-02-26T06:12:15
566,paxton.hadwin@acme.com,ORD-E7773701,341.07,completed,0.1840,19103,2026-04-13T07:56:00
567,una.jardine@acme.com,ORD-9402C7BE,655.02,completed,0.0399,30309,2026-04-03T01:55:20
568,davian.tashiro@acme.com,ORD-6FD83533,916.72,completed,0.0884,11201,2026-03-25T14:01:33
569,teagan.calloway@acme.com,ORD-C44B04E8,881.74,completed,0.0281,90064,2026-02-26T03:00:52
570,devon.halloran@acme.com,ORD-0DE9A283,1408.60,completed,0.1660,60606,2026-04-11T02:55:39
571,jules.radcliffe@acme.com,ORD-279F5DF0,80.75,completed,0.1438,10036,2026-02-24T06:46:37
572,briony.ugarte@acme.com,ORD-8513176C,1120.29,completed,0.0207,10036,2026-02-21T15:36:25
573,devon.oduya@acme.com,ORD-AE6B0455,520.69,completed,0.1234,85004,2026-04-29T07:13:17
574,ottilie.ingersoll@acme.com,ORD-7E32E5D0,440.96,completed,0.0782,60606,2026-03-29T10:53:11
575,devyn.albright@acme.com,ORD-4D81C859,1914.18,completed,0.1240,94103,2026-02-14T07:57:16
576,alaric.kettering@acme.com,ORD-C964F746,420.47,completed,0.1525,90064,2026-02-12T20:08:34
577,joaquin.linwood@acme.com,ORD-F66A015B,312.07,completed,0.0361,37203,2026-02-27T05:11:31
578,everett.idris@acme.com,ORD-3B50F94F,1656.66,completed,0.0999,97204,2026-04-12T01:49:09
579,marlowe.pemberton@acme.com,ORD-F92B7B46,1748.13,completed,0.0124,33131,2026-05-02T09:15:25
580,nico.gagnon@acme.com,ORD-CA3DB769,1523.44,completed,0.0048,60606,2026-04-23T17:43:06
581,sasha.belisario@acme.com,ORD-87352231,1017.94,completed,0.0415,97204,2026-03-25T20:56:04
582,elio.whitlock@acme.com,ORD-846A4A71,1396.60,completed,0.0997,94103,2026-03-16T02:25:40
583,eulalie.demir@acme.com,ORD-800314A8,20.98,completed,0.0113,60606,2026-03-17T22:02:30
584,remi.andersen@acme.com,ORD-3354B4BE,747.82,completed,0.0119,78758,2026-03-21T09:11:39
585,liora.kettering@acme.com,ORD-EDEAC5B8,751.18,completed,0.0958,30309,2026-04-17T05:40:12
586,maxen.wynter@acme.com,ORD-CFB57F2E,600.29,completed,0.1721,10036,2026-03-20T20:35:28
587,ines.pendragon@acme.com,ORD-701DADB0,462.65,completed,0.1965,20001,2026-04-09T08:16:20
588,rory.pemberton@acme.com,ORD-D007FD07,1045.90,completed,0.0253,02116,2026-04-16T01:30:14
589,greer.mansour@acme.com,ORD-D03C9C2C,524.76,completed,0.1718,55403,2026-03-05T06:16:40
590,hesper.marlowe@acme.com,ORD-7C781B98,1603.02,completed,0.1824,37203,2026-04-21T02:48:45
591,kestrel.echevarria@acme.com,ORD-4532499E,301.22,completed,0.0601,98101,2026-05-07T16:50:32
592,rory.andersen@acme.com,ORD-4E1E2F3D,2424.69,completed,0.0696,10036,2026-02-14T03:25:14
593,avery.jardine@acme.com,ORD-88E61F32,341.57,completed,0.1438,37203,2026-04-18T05:55:18
594,yelena.hartwell@acme.com,ORD-5C9808F4,1440.29,completed,0.1565,19103,2026-05-12T07:14:52
595,niko.halloran@acme.com,ORD-F057712B,327.71,completed,0.1221,11201,2026-05-07T06:46:05
596,yelena.hartwell@acme.com,ORD-0CB140ED,423.41,completed,0.0077,37203,2026-02-18T22:43:34
597,merritt.carmichael@acme.com,ORD-D972C236,920.47,completed,0.0089,80202,2026-04-09T13:04:16
598,bryony.galanos@acme.com,ORD-A6E80B4F,1085.00,completed,0.1947,19103,2026-05-10T11:23:53
599,aria.eilers@acme.com,ORD-266B4B6D,65.01,completed,0.1298,98101,2026-04-21T16:41:18
600,briony.ugarte@acme.com,ORD-CC5732F2,418.82,completed,0.1318,37203,2026-03-31T16:21:18
601,theron.pendragon@acme.com,ORD-3E78AF27,225.28,completed,0.1535,20001,2026-04-21T01:59:09
602,sasha.belisario@acme.com,ORD-68F0E5F2,675.81,completed,0.1121,98101,2026-02-13T16:44:42
603,everett.calloway@acme.com,ORD-AA7898AA,2027.82,completed,0.1592,11201,2026-04-13T00:41:23
604,linden.ovadia@acme.com,ORD-6E718848,934.56,completed,0.0265,37203,2026-02-13T07:27:12
605,elio.wynter@acme.com,ORD-9DDB6FEA,842.76,cancelled,0.0090,20001,2026-03-30T21:59:53
606,una.jardine@acme.com,ORD-C5E3BE15,272.39,completed,0.0987,94103,2026-03-19T17:28:44
607,harlow.jardine@acme.com,ORD-BB21D347,1675.39,completed,0.0557,19103,2026-04-12T23:28:16
608,ines.finch@acme.com,ORD-AA9B64BA,1013.36,completed,0.0414,37203,2026-03-01T05:02:16
609,harlow.jardine@acme.com,ORD-742F790E,2685.62,completed,0.1433,60606,2026-03-31T08:27:41
610,dakota.harkness@acme.com,ORD-C6EC757F,1077.55,completed,0.0630,94103,2026-04-01T10:09:25
611,kestrel.echevarria@acme.com,ORD-A046D4D3,136.32,completed,0.1255,80202,2026-04-30T05:03:33
612,paxton.qureshi@acme.com,ORD-D059B594,1287.87,completed,0.0565,78758,2026-03-12T20:52:21
613,fenton.cromwell@acme.com,ORD-00D190BD,1404.34,completed,0.1115,78758,2026-03-05T13:36:08
614,davian.tashiro@acme.com,ORD-AB00764E,1398.05,completed,0.1260,19103,2026-04-08T19:49:55
615,winslow.quigley@acme.com,ORD-E1D5FCEA,832.50,completed,0.1728,19103,2026-04-03T11:57:50
616,harlow.kerr@acme.com,ORD-514F6FD9,393.04,completed,0.0884,75201,2026-04-18T04:31:36
617,soren.marlowe@acme.com,ORD-E028C315,400.19,completed,0.1559,60606,2026-03-14T22:53:54
618,teagan.calloway@acme.com,ORD-8D8A7957,1496.68,completed,0.1037,20001,2026-03-22T12:15:30
619,soren.reinhart@acme.com,ORD-E9209B3A,896.54,completed,0.0431,80202,2026-05-12T04:12:52
620,linden.ovadia@acme.com,ORD-BFFA749E,923.50,completed,0.0802,33131,2026-02-18T19:25:57
621,hesper.jorgensen@acme.com,ORD-DBFB491A,921.73,completed,0.0850,10036,2026-04-14T03:55:49
622,maxen.pendragon@acme.com,ORD-8F9D7375,1935.28,completed,0.1815,63101,2026-03-25T07:33:06
623,beatrix.quail@acme.com,ORD-C56DBE29,623.93,completed,0.0218,90064,2026-04-11T05:22:10
624,renley.tonkin@acme.com,ORD-BD92232A,1245.65,completed,0.0073,27601,2026-03-16T08:51:28
625,finley.demir@acme.com,ORD-BBAA6E4A,701.25,completed,0.0851,98101,2026-04-07T00:35:17
626,kestrel.falconer@acme.com,ORD-6B0BB457,502.82,completed,0.0235,90064,2026-03-04T14:24:41
627,willow.pemberton@acme.com,ORD-B6E7D214,1333.49,completed,0.0502,55403,2026-04-23T01:13:36
628,wesley.fairbanks@acme.com,ORD-280D4E22,438.19,completed,0.1118,80202,2026-04-10T00:11:28
629,briony.marchetti@acme.com,ORD-A8CC5023,1792.70,completed,0.0305,78758,2026-04-16T07:35:12
630,yelena.hartwell@acme.com,ORD-E8C347D0,1764.43,completed,0.0005,80202,2026-04-22T11:39:01
631,ottilie.ingersoll@acme.com,ORD-53BC20E0,862.36,completed,0.0235,63101,2026-04-05T07:40:08
632,niko.niklasson@acme.com,ORD-F4927B35,621.88,completed,0.1667,30309,2026-02-20T22:56:49
633,niko.ingersoll@acme.com,ORD-DAF9AE1B,93.61,completed,0.0692,85004,2026-04-22T17:51:24
634,theron.dvorak@acme.com,ORD-02BB6D94,455.97,completed,0.1052,10036,2026-03-17T14:04:56
635,teagan.calloway@acme.com,ORD-45E526E1,1672.64,completed,0.1283,75201,2026-05-09T05:39:55
636,elio.wynter@acme.com,ORD-BC775A20,1053.57,completed,0.0263,85004,2026-02-21T12:29:21
637,willow.pemberton@acme.com,ORD-0444C6F1,806.09,completed,0.1696,11201,2026-02-15T08:07:21
638,gisli.valencia@acme.com,ORD-44424098,319.47,completed,0.0089,19103,2026-04-24T05:02:03
639,niko.niklasson@acme.com,ORD-F0EB453E,234.19,completed,0.1121,60606,2026-04-10T08:21:29
640,linden.fairbanks@acme.com,ORD-172F0D9B,970.33,completed,0.0371,27601,2026-03-13T15:51:30
641,gentry.northcote@acme.com,ORD-DD558095,441.27,completed,0.1476,90064,2026-05-08T07:43:12
642,orla.sinclaire@acme.com,ORD-FAB1FA12,1286.04,completed,0.0879,98101,2026-03-26T22:29:02
643,paxton.hadwin@acme.com,ORD-B3C28EC5,387.84,completed,0.1622,90064,2026-04-23T08:36:49
644,harlow.kerr@acme.com,ORD-77BA69F1,1227.57,completed,0.0231,02116,2026-03-28T08:40:52
645,teagan.calloway@acme.com,ORD-4E681465,632.73,completed,0.0372,10036,2026-03-31T21:02:09
646,onyx.rivers@acme.com,ORD-1B9C67E0,461.57,completed,0.1155,27601,2026-05-10T17:27:42
647,ellis.dvorak@acme.com,ORD-C0793F64,191.04,completed,0.0666,94103,2026-05-04T17:21:22
648,talia.maddox@acme.com,ORD-4EBA12DA,1763.20,completed,0.1716,85004,2026-05-04T17:53:46
649,niall.coulter@acme.com,ORD-20E58866,640.90,completed,0.0267,11201,2026-02-15T07:27:32
650,aria.eilers@acme.com,ORD-9BC81EA5,933.64,completed,0.0738,11201,2026-03-25T19:31:23
651,greer.wynter@acme.com,ORD-48F368BA,580.94,completed,0.1643,94103,2026-04-18T03:46:50
652,zion.kasprzak@acme.com,ORD-AFB144B5,535.23,completed,0.1308,75201,2026-04-02T11:36:14
653,soren.marlowe@acme.com,ORD-5D679515,474.36,completed,0.1961,63101,2026-02-28T17:58:43
654,cleo.carbone@acme.com,ORD-4201938B,243.20,completed,0.1229,55403,2026-04-01T06:38:15
655,zelda.coulter@acme.com,ORD-4B11C181,471.33,completed,0.0894,90064,2026-03-12T18:03:11
656,ottilie.olander@acme.com,ORD-F8CB57FF,1145.43,completed,0.0488,37203,2026-03-19T05:58:30
657,wesley.easton@acme.com,ORD-BFCFF645,1193.55,completed,0.0045,33131,2026-03-04T10:33:52
658,soren.fairbanks@acme.com,ORD-FEB2F904,239.09,completed,0.1078,80202,2026-03-07T02:15:50
659,kendall.niklasson@acme.com,ORD-6FDBAB51,532.10,completed,0.1557,33131,2026-03-25T19:16:24
660,rory.castellano@acme.com,ORD-46573D38,355.96,completed,0.1581,11201,2026-05-04T01:37:47
661,saskia.ugarte@acme.com,ORD-9C83CFAE,281.04,completed,0.1219,55403,2026-03-17T10:03:39
662,vesper.ingersoll@acme.com,ORD-51D41C6A,702.23,completed,0.0304,97204,2026-04-23T01:10:46
663,vesper.ingersoll@acme.com,ORD-5E8354DA,928.45,completed,0.0631,55403,2026-05-10T15:06:35
664,quincey.underhill@acme.com,ORD-1F9D4DB1,881.63,completed,0.0423,60606,2026-03-19T02:04:04
665,wren.karagiannis@acme.com,ORD-A2DED1DE,454.96,completed,0.1065,80202,2026-02-19T02:15:12
666,ines.finch@acme.com,ORD-2D78F04B,1303.44,completed,0.1065,11201,2026-02-28T10:13:59
667,remi.marlowe@acme.com,ORD-BB6E0D06,48.75,completed,0.0650,80202,2026-04-27T08:07:22
668,kendall.andersen@acme.com,ORD-E9C7EB29,959.26,completed,0.1446,80202,2026-04-26T11:43:44
669,jules.marchetti@acme.com,ORD-93DDBDA1,1222.91,completed,0.0887,80202,2026-02-25T03:25:47
670,isla.coulter@acme.com,ORD-FEDB5A32,1282.13,completed,0.0141,85004,2026-04-18T06:05:17
671,dakota.harkness@acme.com,ORD-A64E2384,311.72,completed,0.0248,30309,2026-02-20T06:10:59
672,joaquin.linwood@acme.com,ORD-43B6C6EF,1410.04,completed,0.1387,55403,2026-02-15T04:43:24
673,onyx.inohara@acme.com,ORD-B6BBCD58,553.27,completed,0.1432,27601,2026-03-12T22:55:07
674,joaquin.coulter@acme.com,ORD-A302DB2F,1298.40,completed,0.0423,90064,2026-04-29T02:17:18
675,sasha.hadwin@acme.com,ORD-8675EC71,1429.17,completed,0.1794,10036,2026-03-09T13:42:42
676,renley.norrington@acme.com,ORD-33D9014F,579.15,completed,0.0797,60606,2026-04-11T12:10:28
677,cassidy.fontaine@acme.com,ORD-3F7B16EC,508.71,completed,0.1479,80202,2026-04-21T07:55:46
678,orla.underhill@acme.com,ORD-E733C344,270.78,completed,0.0122,80202,2026-04-19T19:34:38
679,harlow.fontaine@acme.com,ORD-A247A4F5,808.85,completed,0.0233,98101,2026-03-28T06:45:23
680,briar.xian@acme.com,ORD-C16B44E1,1119.60,cancelled,0.0503,85004,2026-03-16T02:44:36
681,fenton.adair@acme.com,ORD-70A6B5FC,93.50,pending,0.1891,97204,2026-05-12T20:48:50
682,kendall.niklasson@acme.com,ORD-AC482AF2,1295.86,completed,0.1724,11201,2026-03-12T13:37:30
683,willow.pemberton@acme.com,ORD-2839D888,477.26,pending,0.1962,19103,2026-02-25T22:04:57
684,onyx.calloway@acme.com,ORD-4DB9EACB,1584.75,completed,0.0667,20001,2026-02-21T23:45:04
685,phoenix.auterive@acme.com,ORD-B44F8E12,593.66,completed,0.0590,20001,2026-05-11T04:49:27
686,ottilie.olander@acme.com,ORD-130DA476,983.74,completed,0.1446,27601,2026-03-28T21:07:11
687,fenton.cromwell@acme.com,ORD-1687819B,937.53,completed,0.1145,33131,2026-03-20T10:51:17
688,maxen.wynter@acme.com,ORD-36FDF910,820.19,completed,0.0455,20001,2026-04-11T04:01:33
689,kestrel.falconer@acme.com,ORD-A469DB2C,221.42,completed,0.1612,94103,2026-02-21T18:03:30
690,kennedy.sayers@acme.com,ORD-CC5BF684,887.54,completed,0.1150,98101,2026-03-03T04:38:43
691,merritt.carmichael@acme.com,ORD-EC28C17A,482.02,completed,0.1986,98101,2026-02-28T00:29:31
692,briar.xian@acme.com,ORD-56FDC504,150.44,completed,0.1385,85004,2026-02-16T03:33:18
693,briony.marchetti@acme.com,ORD-63D3997F,1414.05,completed,0.0645,30309,2026-04-18T08:49:45
694,fenton.adair@acme.com,ORD-19D45A55,477.56,completed,0.1889,94103,2026-02-26T19:43:09
695,devon.drennan@acme.com,ORD-35746477,1286.95,completed,0.0849,33131,2026-04-20T21:07:12
696,reese.hartwell@acme.com,ORD-6162FAF8,357.96,completed,0.0798,78758,2026-02-27T15:28:40
697,tate.demir@acme.com,ORD-35AAD597,2082.09,completed,0.1481,20001,2026-03-01T17:06:47
698,zelda.talbot@acme.com,ORD-F21B7A7F,1312.80,completed,0.0868,90064,2026-04-21T05:33:19
699,sage.castellano@acme.com,ORD-025FC70F,1951.42,completed,0.0280,97204,2026-02-28T11:44:27
700,dianthe.brennan@acme.com,ORD-299152E6,540.52,completed,0.0612,20001,2026-02-14T05:55:16
701,alaric.demir@acme.com,ORD-8A1B0744,1740.18,completed,0.1445,02116,2026-04-28T03:25:53
702,ines.pendragon@acme.com,ORD-A308F1EA,821.37,completed,0.0939,33131,2026-05-01T01:16:33
703,devon.halloran@acme.com,ORD-24812414,923.67,completed,0.1486,75201,2026-04-16T02:11:38
704,remi.andersen@acme.com,ORD-A94485E0,717.27,completed,0.1869,94103,2026-03-01T21:10:59
705,kestrel.echevarria@acme.com,ORD-3CE26218,434.33,completed,0.0023,97204,2026-03-27T12:33:36
706,alaric.kettering@acme.com,ORD-2FB2A0D7,360.36,completed,0.1744,63101,2026-03-30T04:42:24
707,jules.radcliffe@acme.com,ORD-20507D45,1678.84,completed,0.0915,60606,2026-05-01T19:43:58
708,dianthe.brennan@acme.com,ORD-82CAA526,760.09,completed,0.1361,10036,2026-04-24T05:02:56
709,briony.xian@acme.com,ORD-87E719E2,477.79,completed,0.0200,02116,2026-03-12T20:33:32
710,remi.andersen@acme.com,ORD-33C32015,972.28,completed,0.1938,75201,2026-04-14T17:06:48
711,gentry.stamatakis@acme.com,ORD-77CF1EB6,660.53,completed,0.1876,10036,2026-05-06T05:32:21
712,yelena.marchetti@acme.com,ORD-FA74ED0B,1050.26,completed,0.0319,85004,2026-04-05T12:54:18
713,ottilie.olander@acme.com,ORD-53D509AF,949.49,completed,0.1041,37203,2026-05-03T12:53:47
714,everett.calloway@acme.com,ORD-FCEAE86B,88.39,completed,0.1782,60606,2026-03-13T15:13:16
715,wren.veracruz@acme.com,ORD-4A85FBD1,1755.81,completed,0.0177,19103,2026-03-16T08:07:10
716,soren.harrowby@acme.com,ORD-542E2E6A,518.56,completed,0.0502,20001,2026-05-05T10:22:43
717,nico.gagnon@acme.com,ORD-44087701,58.36,cancelled,0.1653,97204,2026-03-20T01:32:33
718,niko.niklasson@acme.com,ORD-184C4178,1116.23,pending,0.0477,27601,2026-03-09T04:42:24
719,eulalie.demir@acme.com,ORD-85D3F3EE,1107.73,completed,0.1626,85004,2026-03-09T12:57:28
720,ellis.holcombe@acme.com,ORD-5813A496,435.55,pending,0.0497,55403,2026-02-26T09:49:26
721,finley.demir@acme.com,ORD-A5F62181,527.62,completed,0.1507,02116,2026-02-20T11:39:37
722,teagan.calloway@acme.com,ORD-67F3E4BF,1881.71,completed,0.1279,75201,2026-04-23T20:57:31
723,quinn.easton@acme.com,ORD-94F3EA1B,497.88,completed,0.1400,63101,2026-04-14T17:47:44
724,alaric.kettering@acme.com,ORD-5A929D27,116.29,completed,0.0770,90064,2026-03-14T22:37:40
725,palmer.atherton@acme.com,ORD-FE20193B,1342.92,completed,0.0449,80202,2026-04-19T16:17:21
726,greer.stamatakis@acme.com,ORD-FAA855A6,367.18,completed,0.1413,20001,2026-02-24T11:52:54
727,sasha.belisario@acme.com,ORD-226E1ECB,417.07,completed,0.1973,80202,2026-02-25T06:13:04
728,briar.xian@acme.com,ORD-FC2E0301,447.90,completed,0.1149,94103,2026-03-29T19:33:57
729,renley.castellano@acme.com,ORD-E555E087,473.94,completed,0.1413,98101,2026-03-08T06:48:31
730,marlowe.pemberton@acme.com,ORD-7DA5B648,2062.87,completed,0.1885,75201,2026-04-22T14:32:17
731,onyx.hartwell@acme.com,ORD-FA33DCA5,1174.18,completed,0.1060,02116,2026-03-03T09:01:13
732,sasha.dvorak@acme.com,ORD-D8E66501,1972.86,completed,0.0622,02116,2026-03-05T19:57:29
733,mara.chen@acme.com,ORD-033857E4,800.34,completed,0.1600,27601,2026-03-19T19:15:55
734,niall.coulter@acme.com,ORD-C5A0B7C3,1551.00,completed,0.1629,55403,2026-05-10T13:17:56
735,gisli.northcote@acme.com,ORD-19875A42,658.31,completed,0.0311,19103,2026-02-13T04:14:48
736,teagan.maddox@acme.com,ORD-D14D4890,1901.36,completed,0.0809,20001,2026-05-07T19:23:45
737,aria.kerr@acme.com,ORD-22AE8888,320.57,completed,0.0586,85004,2026-04-04T06:03:26
738,cyrus.hartwell@acme.com,ORD-C54F447E,575.04,completed,0.1398,37203,2026-02-21T19:01:50
739,rory.andersen@acme.com,ORD-DFAB24E2,475.23,completed,0.1048,02116,2026-03-25T02:32:13
740,gentry.stamatakis@acme.com,ORD-B6608A31,2147.42,completed,0.0407,78758,2026-03-19T01:08:06
741,palmer.atherton@acme.com,ORD-D6793AB4,356.54,completed,0.0283,80202,2026-03-14T03:11:08
742,soren.harrowby@acme.com,ORD-4F4B1252,209.75,completed,0.1307,33131,2026-04-03T18:29:14
743,ottilie.olander@acme.com,ORD-E6ACE778,408.36,completed,0.0976,19103,2026-05-12T11:41:50
744,soren.harrowby@acme.com,ORD-7D10BF9F,210.89,completed,0.0655,33131,2026-03-08T09:22:30
745,palmer.atherton@acme.com,ORD-E24F908A,1040.46,pending,0.1109,97204,2026-04-24T00:07:47
746,yelena.marchetti@acme.com,ORD-C4BFA424,921.87,completed,0.0088,10036,2026-04-28T16:09:32
747,cassian.wolfe@acme.com,ORD-70C69B42,297.02,completed,0.0576,02116,2026-04-29T13:56:21
748,winslow.ugarte@acme.com,ORD-5ED0B58C,98.14,completed,0.0208,80202,2026-05-12T22:14:54
749,niko.sanderling@acme.com,ORD-A0D763F0,551.14,completed,0.0148,97204,2026-03-19T00:19:39
750,hadley.maddox@acme.com,ORD-7479D994,738.84,completed,0.0306,63101,2026-02-17T02:44:47
751,harlow.kerr@acme.com,ORD-290A8303,807.64,completed,0.0863,90064,2026-04-29T12:29:37
752,ottilie.ingersoll@acme.com,ORD-87A9EFAF,768.41,completed,0.1425,27601,2026-04-24T14:32:41
753,renley.castellano@acme.com,ORD-9FA3FE4B,1585.17,completed,0.0434,63101,2026-02-16T02:19:31
754,everett.valencia@acme.com,ORD-A4282EC4,1535.62,completed,0.1602,30309,2026-04-03T13:37:32
755,niko.ingersoll@acme.com,ORD-1706C3CD,506.72,completed,0.0713,30309,2026-04-22T19:38:48
756,quinn.eskildsen@acme.com,ORD-E16C77AC,846.10,completed,0.0237,19103,2026-04-03T17:22:36
757,sloan.asher@acme.com,ORD-C173D1D9,1174.99,completed,0.0762,75201,2026-03-28T04:47:21
758,ellis.dvorak@acme.com,ORD-FCE176A1,2139.64,completed,0.0138,30309,2026-03-13T21:54:08
759,wren.veracruz@acme.com,ORD-1544409D,2293.08,completed,0.1599,10036,2026-03-14T02:57:22
760,zelda.coulter@acme.com,ORD-FF03F1A9,35.04,completed,0.0546,55403,2026-03-10T11:27:44
761,joaquin.coulter@acme.com,ORD-E78F980A,452.78,completed,0.0072,33131,2026-03-06T20:12:28
762,everett.paulsen@acme.com,ORD-4444A6BD,1797.69,completed,0.1838,98101,2026-02-24T07:06:25
763,gisli.valencia@acme.com,ORD-134E2BD9,575.90,completed,0.1473,11201,2026-02-18T00:22:53
764,wesley.easton@acme.com,ORD-F38E6BC3,299.18,completed,0.1583,80202,2026-04-23T02:09:15
765,hadley.maddox@acme.com,ORD-2FA1F2BC,1183.92,completed,0.1352,94103,2026-03-31T12:51:44
766,dakota.dvorak@acme.com,ORD-3A4B90E3,651.08,completed,0.1672,90064,2026-03-16T02:16:40
767,maxen.pendragon@acme.com,ORD-406D5351,756.80,completed,0.0129,98101,2026-03-26T13:04:34
768,quinn.drennan@acme.com,ORD-D6F83AA7,1625.13,completed,0.1484,97204,2026-04-07T12:48:16
769,yelena.marchetti@acme.com,ORD-E62ABBFE,1222.55,completed,0.0284,75201,2026-04-02T18:16:04
770,yelena.jorgensen@acme.com,ORD-28876B7F,789.79,completed,0.1708,33131,2026-04-21T09:19:45
771,everett.paulsen@acme.com,ORD-AA71295C,261.06,completed,0.0212,11201,2026-03-05T22:50:41
772,fenton.adair@acme.com,ORD-289A2ABC,1157.06,completed,0.1368,85004,2026-03-15T02:48:23
773,gisli.valencia@acme.com,ORD-7273B7AF,1182.55,completed,0.0419,11201,2026-03-07T16:11:14
774,ines.renwick@acme.com,ORD-E950419D,986.34,completed,0.1219,80202,2026-03-27T01:30:28
775,kestrel.falconer@acme.com,ORD-0F1C0455,2041.01,completed,0.1266,11201,2026-04-08T22:04:00
776,sasha.belisario@acme.com,ORD-1ED01243,396.40,completed,0.1471,78758,2026-03-23T16:09:06
777,remi.andersen@acme.com,ORD-02CB42D1,389.02,completed,0.0288,10036,2026-05-10T16:50:30
778,cyrus.hartwell@acme.com,ORD-506801B9,295.31,completed,0.0912,78758,2026-03-05T22:12:34
779,una.jardine@acme.com,ORD-04573E35,713.66,completed,0.0653,97204,2026-04-07T16:34:57
780,rory.pemberton@acme.com,ORD-21C20510,1063.99,completed,0.0136,30309,2026-05-03T13:43:58
781,jules.radcliffe@acme.com,ORD-D2A60853,791.45,completed,0.0897,60606,2026-02-28T10:37:52
782,dakota.dvorak@acme.com,ORD-F330F931,485.15,pending,0.0275,11201,2026-04-12T03:28:17
783,beatrix.quail@acme.com,ORD-1165ED7F,685.80,completed,0.7574,97204,2026-05-12T19:20:02
784,teagan.calloway@acme.com,ORD-480AF459,494.30,completed,0.1022,02116,2026-02-21T10:43:23
785,sloan.asher@acme.com,ORD-C51FCFEF,1456.18,completed,0.0225,75201,2026-02-24T09:03:46
786,reagan.vasquez@acme.com,ORD-D45FD39A,1077.07,completed,0.9367,75201,2026-03-04T14:21:00
787,tim.lewis@acme.com,ORD-00009F1E,189.55,completed,0.1922,60606,2026-05-08T07:14:53
788,aria.kerr@acme.com,ORD-A7540837,1765.92,completed,0.0070,60606,2026-04-14T04:10:20
789,teagan.maddox@acme.com,ORD-8EB4B40E,619.47,completed,0.1406,97204,2026-05-07T08:32:17
790,elio.wynter@acme.com,ORD-A8179850,431.58,pending,0.1753,90064,2026-03-04T16:54:35
791,marlowe.andersen@acme.com,ORD-CF735AFA,1098.26,cancelled,0.0088,27601,2026-02-21T09:23:40
792,ines.ostroski@acme.com,ORD-8A6FB508,491.84,completed,0.1279,85004,2026-04-26T14:38:15
793,everett.valencia@acme.com,ORD-E3B19FD8,649.00,completed,0.0816,85004,2026-05-05T02:34:03
794,soren.marlowe@acme.com,ORD-AE2A9C01,416.85,completed,0.0687,30309,2026-03-16T08:42:45
795,harlow.inohara@acme.com,ORD-B1768686,277.47,completed,0.0838,60606,2026-03-25T19:41:30
796,gentry.northcote@acme.com,ORD-BD5DB7A4,810.05,completed,0.1575,97204,2026-05-02T03:33:13
797,saskia.ugarte@acme.com,ORD-1B3EC681,879.04,completed,0.0907,78758,2026-03-04T23:07:44
798,rory.andersen@acme.com,ORD-1243161C,869.15,completed,0.1902,85004,2026-04-08T18:55:53
799,orla.larkspur@acme.com,ORD-97E4E173,685.55,completed,0.1954,97204,2026-04-12T11:12:14
800,briony.ugarte@acme.com,ORD-AF5235BC,1066.09,cancelled,0.0760,97204,2026-02-28T19:17:12
801,maeve.mansour@acme.com,ORD-FBE770A6,789.23,completed,0.0620,55403,2026-04-22T11:23:23
802,yelena.jorgensen@acme.com,ORD-7692F681,291.85,completed,0.0776,63101,2026-03-11T00:45:48
803,eulalie.demir@acme.com,ORD-0A3169F7,1074.27,completed,0.0853,30309,2026-02-21T04:46:35
804,zelda.calloway@acme.com,ORD-E9623C3C,509.09,completed,0.0278,19103,2026-03-19T20:38:57
805,sasha.dvorak@acme.com,ORD-4766229E,1132.80,completed,0.0845,98101,2026-05-05T00:42:34
806,onyx.hartwell@acme.com,ORD-2978868D,1111.97,completed,0.1329,55403,2026-03-10T10:24:37
807,jericho.galanos@acme.com,ORD-CFBBF4E3,437.25,completed,0.0487,97204,2026-02-24T17:00:36
808,dakota.harkness@acme.com,ORD-11680E55,1276.86,completed,0.1975,27601,2026-04-27T12:08:42
809,maeve.easton@acme.com,ORD-EE4798D4,1144.20,completed,0.1213,80202,2026-03-01T19:36:57
810,cleo.carbone@acme.com,ORD-C6EC9E60,674.34,completed,0.0080,33131,2026-04-05T07:37:15
811,devon.drennan@acme.com,ORD-F2D0A15C,50.04,completed,0.0772,27601,2026-03-06T23:57:04
812,everett.paulsen@acme.com,ORD-A1A131B4,688.14,completed,0.0536,33131,2026-02-17T13:40:53
813,winslow.quigley@acme.com,ORD-4E6CCC79,1137.26,completed,0.1035,85004,2026-04-16T10:59:47
814,cameron.linwood@acme.com,ORD-AF9C5CFB,722.04,completed,0.1106,78758,2026-02-25T00:27:14
815,rory.pemberton@acme.com,ORD-5765F418,1297.02,completed,0.0144,60606,2026-04-06T22:32:49
816,wesley.brennan@acme.com,ORD-9863BB20,381.26,completed,0.0774,60606,2026-04-29T22:24:42
817,cyrus.hartwell@acme.com,ORD-11FDDE63,1029.91,completed,0.1070,30309,2026-02-26T09:26:57
818,zelda.coulter@acme.com,ORD-8D783A9B,904.98,completed,0.0303,63101,2026-03-17T18:54:07
819,theron.carmichael@acme.com,ORD-6809F986,565.20,completed,0.1219,02116,2026-02-13T09:46:40
820,alaric.echevarria@acme.com,ORD-E35BBA6D,858.88,completed,0.1501,10036,2026-03-21T22:45:44
821,paxton.hadwin@acme.com,ORD-3499A783,1560.77,completed,0.0155,75201,2026-04-27T03:38:33
822,onyx.inohara@acme.com,ORD-108FD94B,346.58,completed,0.0044,27601,2026-04-09T23:39:46
823,ellis.holcombe@acme.com,ORD-3A82B37C,1711.69,completed,0.1994,97204,2026-04-28T03:36:17
824,ellis.holcombe@acme.com,ORD-2626C97D,1412.18,completed,0.0872,02116,2026-04-21T06:11:05
825,maxen.wynter@acme.com,ORD-C87C1935,268.39,completed,0.1558,63101,2026-02-28T15:04:02
826,riley.holcombe@acme.com,ORD-0E8DB9F5,804.77,completed,0.7390,30309,2026-04-20T00:16:22
827,quill.sandoval@acme.com,ORD-FB9C7872,1026.93,completed,0.1058,97204,2026-03-08T17:15:05
828,alaric.demir@acme.com,ORD-7FEE16C1,452.56,completed,0.0414,19103,2026-04-07T19:39:36
829,joaquin.coulter@acme.com,ORD-4CAD3598,297.26,completed,0.0974,10036,2026-04-22T13:41:05
830,dakota.dvorak@acme.com,ORD-CB33E3C6,339.36,completed,0.0285,80202,2026-02-14T18:18:40
831,harlow.jardine@acme.com,ORD-EC39212E,150.51,completed,0.0106,55403,2026-02-14T04:57:47
832,soren.holcombe@acme.com,ORD-8D361929,675.66,completed,0.1963,97204,2026-05-06T22:07:05
833,aria.idris@acme.com,ORD-75D5A115,495.79,completed,0.0570,94103,2026-02-24T17:00:47
834,fenton.cromwell@acme.com,ORD-8185CA84,918.85,cancelled,0.0307,75201,2026-04-11T10:41:24
835,saskia.ugarte@acme.com,ORD-0B4476B2,567.95,completed,0.0266,85004,2026-03-19T05:26:49
836,gisli.valencia@acme.com,ORD-FB2FBE8C,2166.77,completed,0.0987,98101,2026-03-09T12:08:43
837,gisli.northcote@acme.com,ORD-AEBEF7A2,2204.98,completed,0.1557,80202,2026-04-21T12:55:07
838,sasha.hadwin@acme.com,ORD-C891E9BC,255.39,completed,0.0497,30309,2026-02-12T14:08:36
839,renley.tonkin@acme.com,ORD-665C9DA5,463.43,completed,0.0598,80202,2026-04-27T17:28:29
840,wesley.fairbanks@acme.com,ORD-6EA28B15,245.83,completed,0.1957,11201,2026-04-07T12:57:07
841,remi.marlowe@acme.com,ORD-36CA9390,1043.58,completed,0.0470,80202,2026-03-15T05:15:45
842,elio.wynter@acme.com,ORD-0D25C8D0,507.77,completed,0.0065,90064,2026-02-20T14:19:00
843,oakley.echevarria@acme.com,ORD-4F4CEA72,449.04,completed,0.1993,98101,2026-05-09T15:55:35
844,palmer.atherton@acme.com,ORD-7D883D25,233.86,completed,0.0583,37203,2026-05-06T12:57:57
845,eulalie.demir@acme.com,ORD-83CFED3B,876.09,completed,0.0448,90064,2026-05-10T09:21:22
846,renley.castellano@acme.com,ORD-D08C1E18,766.54,completed,0.1861,90064,2026-03-09T19:30:45
847,elio.whitlock@acme.com,ORD-B9076FF3,726.89,completed,0.0665,11201,2026-03-18T06:12:09
848,paxton.hadwin@acme.com,ORD-58578862,1546.89,completed,0.1682,33131,2026-04-05T16:15:42
849,fenton.cromwell@acme.com,ORD-2F182049,1827.14,completed,0.0328,33131,2026-04-03T03:06:49
850,briar.northcote@acme.com,ORD-00B36478,1376.29,completed,0.1649,37203,2026-04-23T21:58:27
851,devon.oduya@acme.com,ORD-C17A608E,423.08,completed,0.0665,85004,2026-03-17T06:47:04
852,niall.drennan@acme.com,ORD-9267E278,327.77,completed,0.1670,80202,2026-03-30T21:07:19
853,onyx.rivers@acme.com,ORD-410F71DF,715.83,completed,0.0081,55403,2026-04-20T07:08:11
854,everett.idris@acme.com,ORD-C9B9F6C0,1372.45,completed,0.1327,97204,2026-03-18T04:05:29
855,devon.oduya@acme.com,ORD-33440C51,787.06,completed,0.0159,80202,2026-03-27T21:50:05
856,kendall.niklasson@acme.com,ORD-49ED6369,1150.84,cancelled,0.1383,98101,2026-05-06T02:22:52
857,soren.marlowe@acme.com,ORD-1F41C851,1261.76,completed,0.0557,98101,2026-04-08T21:51:23
858,vesper.ingersoll@acme.com,ORD-31B5276F,1053.39,cancelled,0.1515,20001,2026-05-10T14:35:11
859,ellis.finch@acme.com,ORD-365D395B,1166.10,completed,0.1275,27601,2026-03-01T21:39:10
860,una.jardine@acme.com,ORD-5E6E5122,333.97,completed,0.0073,78758,2026-05-13T03:19:40
861,briar.northcote@acme.com,ORD-56B6B8CC,522.25,completed,0.0015,11201,2026-02-18T19:22:43
862,finley.demir@acme.com,ORD-C2F72B1F,779.26,completed,0.1622,11201,2026-04-19T14:41:28
863,ulrich.oduya@acme.com,ORD-D0D14782,787.06,cancelled,0.0561,85004,2026-05-06T06:38:31
864,zelda.coulter@acme.com,ORD-5572F1B3,695.31,completed,0.0365,78758,2026-03-17T23:18:36
865,greer.stamatakis@acme.com,ORD-4C2BFA96,1156.41,completed,0.1505,94103,2026-04-13T05:14:19
866,quinn.easton@acme.com,ORD-3F612028,81.04,completed,0.0370,27601,2026-03-06T11:15:24
867,reese.hartwell@acme.com,ORD-686CD27D,231.67,completed,0.1750,27601,2026-02-25T08:18:21
868,palmer.atherton@acme.com,ORD-4AEECCEF,310.11,completed,0.1947,85004,2026-02-14T01:48:27
869,gentry.stamatakis@acme.com,ORD-B4F7AF31,674.87,completed,0.1211,10036,2026-05-02T08:56:16
870,wren.veracruz@acme.com,ORD-650C4A03,897.54,pending,0.0553,60606,2026-03-18T17:08:38
871,renley.norrington@acme.com,ORD-DE69C076,654.65,completed,0.0822,37203,2026-03-08T10:45:09
872,maxen.maddox@acme.com,ORD-408A5D2F,908.03,completed,0.0317,94103,2026-03-01T20:16:41
873,aria.eilers@acme.com,ORD-590C3CDC,221.87,completed,0.0899,33131,2026-02-20T23:53:53
874,vesper.verstappen@acme.com,ORD-C7F020CF,516.62,completed,0.0769,63101,2026-03-25T00:19:06
875,cassidy.fontaine@acme.com,ORD-E282D170,1280.17,completed,0.0566,80202,2026-02-28T22:20:43
876,aria.eilers@acme.com,ORD-A0FC1EA8,570.03,completed,0.1921,27601,2026-03-19T17:44:01
877,onyx.calloway@acme.com,ORD-5B5C87CF,448.48,completed,0.1065,97204,2026-04-21T09:42:21
878,briony.xian@acme.com,ORD-DDD652A8,463.01,completed,0.0825,98101,2026-05-03T12:53:22
879,onyx.hartwell@acme.com,ORD-35868ED1,1190.17,completed,0.0473,60606,2026-05-04T10:06:20
880,cyrus.hartwell@acme.com,ORD-CBB474A3,284.90,completed,0.0200,37203,2026-03-17T21:47:35
881,greer.wynter@acme.com,ORD-B2290F1C,135.87,completed,0.0195,27601,2026-05-11T10:13:28
882,vesper.verstappen@acme.com,ORD-75FA99F2,804.09,completed,0.0451,30309,2026-05-10T10:37:16
883,fionn.underhill@acme.com,ORD-AFCF7C8E,727.19,completed,0.0127,02116,2026-03-28T12:07:45
884,fionn.hartwell@acme.com,ORD-275B7C2C,945.59,completed,0.0459,02116,2026-04-17T15:50:56
885,niko.halloran@acme.com,ORD-052089DC,837.76,completed,0.0751,63101,2026-03-29T08:46:42
886,sloan.finch@acme.com,ORD-12FCFF49,222.96,completed,0.0167,37203,2026-03-22T07:22:46
887,everett.paulsen@acme.com,ORD-D680B541,1001.80,completed,0.1580,98101,2026-03-24T05:04:38
888,harlow.fontaine@acme.com,ORD-B0DDBE62,1269.16,completed,0.1446,98101,2026-04-12T04:31:43
889,maxen.pendragon@acme.com,ORD-5A744822,670.82,completed,0.0230,37203,2026-03-11T19:37:36
890,everett.valencia@acme.com,ORD-268C3B15,718.43,completed,0.0578,19103,2026-02-25T23:06:18
891,quinn.drennan@acme.com,ORD-2663AFFF,1095.04,completed,0.0246,85004,2026-04-29T00:10:07
892,onyx.rivers@acme.com,ORD-7842CBC6,394.33,completed,0.8505,19103,2026-03-20T07:09:16
893,sasha.mercer@acme.com,ORD-2F4CDA5E,916.08,completed,0.0094,60606,2026-02-18T11:49:06
894,reese.hartwell@acme.com,ORD-BBB890DE,967.57,pending,0.1288,63101,2026-03-28T12:20:05
895,isla.coulter@acme.com,ORD-B9DA7480,665.19,completed,0.1290,90064,2026-04-03T22:07:38
896,palmer.atherton@acme.com,ORD-63CF3B51,1171.98,completed,0.1501,90064,2026-02-18T09:26:12
897,marlowe.pemberton@acme.com,ORD-AB2D96A0,219.60,completed,0.0615,33131,2026-02-18T16:52:06
898,finley.demir@acme.com,ORD-FB780253,1903.94,completed,0.1945,55403,2026-03-15T06:22:31
899,cameron.linwood@acme.com,ORD-86B5DD45,719.12,completed,0.1767,60606,2026-04-05T04:14:09
900,renley.norrington@acme.com,ORD-8B5C59EF,71.68,completed,0.0397,27601,2026-05-04T14:58:45
901,briar.xian@acme.com,ORD-FFDB88D7,1323.15,completed,0.0813,94103,2026-03-04T06:26:50
902,galen.qureshi@acme.com,ORD-022551D2,430.69,completed,0.0417,10036,2026-02-23T18:57:43
903,sasha.dvorak@acme.com,ORD-B3ED3B04,2187.68,completed,0.0567,19103,2026-05-01T21:04:36
904,briony.xian@acme.com,ORD-87A6C63C,1018.90,completed,0.0053,30309,2026-03-01T01:10:41
905,zion.kasprzak@acme.com,ORD-12D0FF7D,1821.59,completed,0.0670,85004,2026-05-06T01:10:20
906,theron.dvorak@acme.com,ORD-D8B6A5B0,1418.29,completed,0.1888,94103,2026-03-23T23:42:52
907,avery.jardine@acme.com,ORD-C4811514,245.27,completed,0.0681,94103,2026-02-23T03:19:32
908,merritt.carmichael@acme.com,ORD-E704DB7D,770.66,completed,0.1968,33131,2026-04-15T07:19:02
909,sasha.hadwin@acme.com,ORD-8752D9FB,1138.04,completed,0.0424,20001,2026-03-14T20:05:29
910,dianthe.brennan@acme.com,ORD-FED024CB,948.69,cancelled,0.1166,02116,2026-04-04T09:16:47
911,orla.underhill@acme.com,ORD-DAACFE2B,934.75,completed,0.1044,30309,2026-03-22T12:44:36
912,onyx.calloway@acme.com,ORD-F40AB6CF,217.79,completed,0.0217,80202,2026-04-14T21:55:29
913,onyx.inohara@acme.com,ORD-0E05926A,1163.30,completed,0.0046,63101,2026-03-28T13:52:57
914,ottilie.ingersoll@acme.com,ORD-C1CB8D69,3347.05,completed,0.1962,10036,2026-02-15T09:15:15
915,devon.oduya@acme.com,ORD-258861BB,331.74,completed,0.0187,63101,2026-04-06T08:51:53
916,orla.underhill@acme.com,ORD-E1DD8D91,1908.82,completed,0.1614,11201,2026-03-19T00:17:32
917,hollis.pemberton@acme.com,ORD-2621B899,508.12,completed,0.1546,37203,2026-04-17T02:25:26
918,dakota.harkness@acme.com,ORD-99B351A6,383.65,completed,0.0779,94103,2026-05-02T03:52:26
919,maxen.pendragon@acme.com,ORD-DABD385C,248.08,completed,0.0132,37203,2026-05-08T01:32:34
920,sage.castellano@acme.com,ORD-24C61F93,480.04,completed,0.0441,33131,2026-04-17T06:34:17
921,gentry.northcote@acme.com,ORD-E2ABE6E3,1446.60,completed,0.1526,85004,2026-03-09T07:32:24
922,cassidy.fontaine@acme.com,ORD-C719F5EA,1244.27,completed,0.1873,63101,2026-04-17T23:38:02
923,greer.mansour@acme.com,ORD-66BC6735,614.13,completed,0.1854,55403,2026-05-12T11:12:14
924,soren.fairbanks@acme.com,ORD-584FA41F,1244.56,completed,0.0437,98101,2026-02-15T22:53:11
925,hesper.marlowe@acme.com,ORD-CA7AD5F3,1271.38,completed,0.0341,02116,2026-05-06T04:49:17
926,everett.idris@acme.com,ORD-9B43324C,1465.89,completed,0.0852,80202,2026-02-17T13:43:26
927,fenton.cromwell@acme.com,ORD-05DDFFBF,35.24,completed,0.1177,85004,2026-04-04T09:27:05
928,sasha.hadwin@acme.com,ORD-7F184A88,6.11,completed,0.1037,30309,2026-02-18T23:49:10
929,quincey.underhill@acme.com,ORD-D736D90C,2000.38,completed,0.1258,11201,2026-03-09T01:44:20
930,dakota.dvorak@acme.com,ORD-F473C022,2004.69,completed,0.1069,33131,2026-04-20T15:53:59
931,merritt.carmichael@acme.com,ORD-1581F33E,1061.15,completed,0.1252,37203,2026-03-30T01:02:59
932,willow.pemberton@acme.com,ORD-761EB3AC,498.88,completed,0.0985,63101,2026-04-28T22:40:05
933,tate.demir@acme.com,ORD-32371F14,970.11,cancelled,0.0076,63101,2026-04-12T14:24:54
934,dakota.dvorak@acme.com,ORD-63E12924,526.57,completed,0.0664,55403,2026-03-19T05:40:59
935,dianthe.brennan@acme.com,ORD-8609A880,1105.78,completed,0.0788,30309,2026-04-09T05:24:15
936,saskia.ugarte@acme.com,ORD-F0CB8112,134.06,completed,0.1803,27601,2026-05-03T11:45:13
937,cameron.jankowski@acme.com,ORD-EA7EC9AC,1287.92,completed,0.1523,97204,2026-04-26T05:27:59
938,briar.northcote@acme.com,ORD-A5548394,611.17,completed,0.1913,63101,2026-04-12T00:08:54
939,cameron.linwood@acme.com,ORD-93B3F363,323.51,completed,0.0226,97204,2026-03-16T08:13:36
940,hesper.jorgensen@acme.com,ORD-1694C02C,787.98,completed,0.0215,11201,2026-04-23T20:36:49
941,eulalie.demir@acme.com,ORD-0BB90921,2023.05,pending,0.0532,30309,2026-03-06T19:34:44
942,onyx.inohara@acme.com,ORD-D5BCCD83,531.52,completed,0.0013,20001,2026-04-30T21:36:01
943,onyx.calloway@acme.com,ORD-592B4112,1137.62,completed,0.0274,11201,2026-03-20T09:08:55
944,ines.pendragon@acme.com,ORD-B4C313EB,213.87,completed,0.1966,33131,2026-03-21T22:33:52
945,elio.selwyn@acme.com,ORD-DDE630E0,1274.16,completed,0.1683,90064,2026-04-26T05:45:15
946,winslow.ugarte@acme.com,ORD-0A164306,722.30,completed,0.0614,80202,2026-03-17T13:44:57
947,joaquin.linwood@acme.com,ORD-8593D3A2,1243.55,completed,0.0851,02116,2026-03-08T06:50:12
948,bryony.galanos@acme.com,ORD-69CCAEB0,1103.54,completed,0.0259,37203,2026-03-02T18:35:29
949,hesper.marlowe@acme.com,ORD-223BDA76,911.46,completed,0.0253,19103,2026-04-29T14:17:26
950,everett.valencia@acme.com,ORD-B4C7573A,163.82,completed,0.0354,02116,2026-02-15T03:11:38
951,theron.dvorak@acme.com,ORD-A0B335C7,529.84,completed,0.0758,27601,2026-05-10T07:49:05
952,jules.romero@acme.com,ORD-7801792B,2572.26,completed,0.1375,78758,2026-03-31T11:58:20
953,sasha.belisario@acme.com,ORD-BB991DF7,213.49,completed,0.1314,27601,2026-05-06T04:23:31
954,greer.stamatakis@acme.com,ORD-340407F4,639.28,completed,0.0616,85004,2026-05-01T15:21:17
955,ellis.kerr@acme.com,ORD-F1204008,546.29,completed,0.0522,33131,2026-03-18T10:04:26
956,theron.carmichael@acme.com,ORD-1CCDA878,18.90,completed,0.1791,11201,2026-04-30T01:47:43
957,maeve.easton@acme.com,ORD-F8DA93C8,644.00,completed,0.0729,94103,2026-03-21T07:06:55
958,reese.hartwell@acme.com,ORD-83AB6DF5,801.32,completed,0.1275,75201,2026-02-12T18:13:08
959,wesley.easton@acme.com,ORD-521BA1E4,824.48,completed,0.0694,02116,2026-04-23T02:32:42
960,everett.idris@acme.com,ORD-315EB39F,137.73,completed,0.0393,10036,2026-03-18T12:32:35
961,cameron.jankowski@acme.com,ORD-7FF72B20,63.45,completed,0.0230,75201,2026-05-08T19:10:54
962,cameron.jankowski@acme.com,ORD-75D92768,194.38,completed,0.1320,94103,2026-05-02T07:38:39
963,hesper.marlowe@acme.com,ORD-E9CD1072,602.22,completed,0.1235,94103,2026-03-31T03:36:02
964,lior.stein@acme.com,ORD-2DC84E80,235.45,completed,0.0603,37203,2026-05-03T10:31:33
965,alaric.kettering@acme.com,ORD-AA386CE6,1568.25,cancelled,0.0300,90064,2026-04-07T00:50:33
966,ottilie.ingersoll@acme.com,ORD-98A0BE4C,1196.31,completed,0.1389,97204,2026-02-22T13:07:15
967,vesper.verstappen@acme.com,ORD-D8A9E06F,766.62,completed,0.0150,30309,2026-05-11T00:14:30
968,gisli.valencia@acme.com,ORD-F6C84FF5,1609.15,completed,0.1724,10036,2026-04-03T11:10:32
969,ellis.kerr@acme.com,ORD-3FEC2BFA,447.06,completed,0.1232,75201,2026-03-26T07:20:04
970,fenton.adair@acme.com,ORD-109C21DF,511.96,completed,0.1354,20001,2026-04-07T09:14:52
971,ines.pendragon@acme.com,ORD-CF61EA35,544.77,completed,0.0005,94103,2026-03-20T14:53:35
972,everett.paulsen@acme.com,ORD-5DC228D3,275.54,completed,0.1185,60606,2026-04-10T05:24:25
973,wesley.easton@acme.com,ORD-DEC756CA,197.24,completed,0.1061,33131,2026-03-26T17:28:47
974,dakota.castellano@acme.com,ORD-5AF7233A,1621.15,completed,0.0859,33131,2026-03-26T07:49:50
975,zelda.talbot@acme.com,ORD-DA8F55C4,47.38,completed,0.0115,33131,2026-04-04T08:58:43
976,gisli.northcote@acme.com,ORD-AAA22344,1002.47,completed,0.0505,10036,2026-03-01T18:39:03
977,ottilie.ingersoll@acme.com,ORD-B52DB8C8,702.04,completed,0.0344,33131,2026-03-15T05:17:45
978,hollis.xanthos@acme.com,ORD-FD5CD74E,783.96,completed,0.1296,78758,2026-03-29T12:33:17
979,hesper.marlowe@acme.com,ORD-E877A70D,1058.45,pending,0.0297,97204,2026-04-15T16:02:44
980,palmer.atherton@acme.com,ORD-439CF4F8,468.53,completed,0.1696,30309,2026-05-10T22:42:02
981,niko.niklasson@acme.com,ORD-A8C5840F,3468.82,completed,0.1321,33131,2026-05-04T06:27:08
982,marlowe.pemberton@acme.com,ORD-F6EEDBDC,311.08,completed,0.1016,98101,2026-03-21T10:17:15
983,ines.pendragon@acme.com,ORD-C201526F,570.09,completed,0.1760,20001,2026-03-23T19:46:38
984,winslow.ugarte@acme.com,ORD-8A02711E,427.31,completed,0.0051,63101,2026-05-08T22:53:46
985,rory.andersen@acme.com,ORD-903CE3B1,301.95,completed,0.0806,98101,2026-04-28T04:13:38
986,remi.andersen@acme.com,ORD-26830A4C,644.15,completed,0.0784,97204,2026-03-09T23:24:31
987,zelda.talbot@acme.com,ORD-0B44F907,424.63,completed,0.1285,02116,2026-03-27T04:01:37
988,aria.idris@acme.com,ORD-65EDB1D9,948.54,completed,0.0090,19103,2026-02-12T13:44:04
989,alaric.kettering@acme.com,ORD-62CCA661,1710.80,completed,0.1867,27601,2026-02-28T16:57:26
990,ulrich.oduya@acme.com,ORD-6F97AEBD,954.04,cancelled,0.0790,30309,2026-03-01T09:37:37
991,ines.ostroski@acme.com,ORD-D09AE2DC,870.28,cancelled,0.1746,85004,2026-05-03T00:26:02
992,zelda.calloway@acme.com,ORD-E8F66646,507.39,completed,0.1912,90064,2026-03-26T09:11:14
993,dakota.dvorak@acme.com,ORD-BF5D96D6,478.43,completed,0.0254,33131,2026-03-16T18:36:17
994,marlowe.pemberton@acme.com,ORD-DDC5C146,630.45,completed,0.1102,60606,2026-04-17T03:21:45
995,briony.marchetti@acme.com,ORD-EB4B3BD8,292.98,completed,0.1894,63101,2026-04-02T12:14:15
996,ulrich.oduya@acme.com,ORD-8CAF728A,355.03,completed,0.1013,27601,2026-04-13T04:10:16
997,elio.whitlock@acme.com,ORD-2E3A9584,405.30,completed,0.1562,20001,2026-04-19T13:51:17
998,niko.sanderling@acme.com,ORD-65173BC6,301.75,completed,0.0497,30309,2026-05-03T18:57:50
999,cleo.easton@acme.com,ORD-01F73517,1550.14,completed,0.1312,27601,2026-04-14T06:18:36
1000,finley.demir@acme.com,ORD-6F5621B1,829.56,completed,0.0100,85004,2026-04-18T01:11:28
